0.304717,-0.164007,-0.096019,-0.614049,-0.297076,nan,-1.173356,-2.797104,-0.263703
-1.039984,-0.986106,-0.029281,-2.420816,2.468064,-0.506266,-1.617900,-3.116911,-3.391864
0.750451,0.679032,0.454751,nan,-0.901824,4.309507,0.734587,4.575293,0.857722
0.940565,0.646580,1.354511,1.928112,nan,0.498936,nan,1.777783,0.203987
-1.951035,-1.958872,-0.266893,-2.985758,1.139051,-2.601607,-0.274351,nan,-0.830338
-1.302180,0.134785,0.344718,-1.308773,0.102159,-0.821461,-0.735925,-1.402794,1.716904
0.127840,-0.002016,-0.198979,-0.445711,0.115582,-0.013103,-0.046612,-0.172002,-1.510563
-0.316243,-0.935773,-0.418897,-0.400298,nan,0.488701,nan,nan,1.358954
-0.016801,0.823748,0.245029,0.070077,-0.105596,-0.700206,-0.926480,nan,1.749570
-0.853044,0.011451,0.848218,nan,1.147886,-0.811637,-1.152474,-2.003068,-3.434884
0.879398,-0.445480,-0.439403,1.193524,1.663401,-0.103420,-1.718490,2.215939,nan
0.777792,1.632924,1.201231,0.457219,-1.363726,2.722000,2.450720,0.952270,1.867797
0.066031,0.494174,0.719006,1.538299,0.998152,-0.419382,-1.517175,0.609514,nan
1.127241,0.556483,0.968429,1.298014,0.204127,-0.895712,-0.203502,0.223917,-2.327342
0.467509,1.346908,1.022751,2.374987,0.304844,0.757475,0.448018,2.799468,-0.569711
-0.859292,-0.318138,-0.053243,-1.311686,0.906488,-1.572805,-0.848338,-0.482824,0.321482
0.368751,0.164717,0.775508,nan,-1.535219,2.032745,1.410141,0.211363,nan
-0.958883,-0.941651,0.018119,-2.569119,1.451186,-1.549572,-1.186307,-1.596098,-1.420440
0.878450,0.846520,0.253191,nan,-1.933655,1.234158,nan,2.479561,3.090099
-0.049926,0.308659,0.264498,0.417210,0.610959,0.794644,-1.463479,nan,0.718304
-0.184862,-0.082155,0.087425,-2.525842,0.596764,nan,0.524233,-1.677823,-1.370738
-0.680930,-0.893455,-0.329579,-0.640200,0.549147,-2.545293,0.542380,1.228927,nan
1.222541,0.702222,-0.483285,3.726553,-0.311333,1.716293,0.367842,3.674461,1.044546
-0.154529,-0.126124,-0.825783,0.831951,0.055306,0.658031,nan,nan,-0.380964
-0.428328,-1.147596,-1.233273,-0.461520,1.478495,-1.426763,-0.588290,-1.833693,-1.342821
-0.352134,-1.206335,-1.341797,-1.277346,-1.057506,-1.730850,0.976934,-0.592490,1.221819
0.532309,0.661762,0.047805,2.411247,0.261480,1.891152,-0.958661,nan,nan
0.365444,-1.638600,-1.103158,0.802897,0.212829,1.178192,-2.149675,0.257654,-0.526254
0.412733,0.350154,0.071839,nan,nan,nan,0.984602,0.260494,nan
0.430821,-0.119248,-0.126447,0.591722,nan,1.406735,nan,nan,1.482920
2.141648,1.986596,0.334631,3.844003,-1.740304,2.983344,0.920870,4.155954,0.197443
-0.406415,-0.548635,-0.547805,nan,0.621807,nan,-0.363177,nan,0.074856
-0.512243,0.205518,0.611716,0.560624,0.173658,0.896863,0.435954,0.667849,-0.279312
-0.813773,-0.684726,-0.006173,-3.735066,-0.605741,-3.058650,1.338080,-4.041141,-0.397127
0.615979,0.387613,-0.236990,0.747628,1.570780,0.122077,-0.492218,nan,-0.280610
1.128972,1.080272,0.606357,2.397974,-0.381899,2.825833,1.242484,3.615396,-1.378528
-0.113947,-0.380763,0.828998,nan,0.896453,1.451479,-1.114388,0.116255,-0.771576
-0.840156,0.277510,0.465256,0.640182,1.175692,0.720765,-1.142832,0.345478,2.103674
-0.824481,-1.107829,-0.985512,-0.797313,0.090283,-1.158362,0.768634,-0.888000,-0.876745
0.650593,0.531511,0.143150,nan,-0.887307,0.275376,nan,1.529117,0.912174
0.743254,1.017475,0.637092,2.351746,1.339731,2.951257,-2.636377,3.872856,-2.756331
0.543154,0.733603,0.348352,-0.080067,-0.664141,2.111556,0.492419,-1.079919,-0.408176
-0.665510,1.008757,0.990981,0.936052,1.550877,0.325536,0.879175,0.527277,nan
0.232161,-0.418327,-1.126033,-0.017397,1.842128,-1.490891,-0.930437,-1.837087,-0.736366
0.116686,-0.907062,-1.241970,-0.952261,-1.271350,-1.852920,1.064784,-1.271898,0.018689
0.218689,-0.586690,-0.609626,-0.604372,-1.360683,0.245221,nan,-2.146722,-0.510680
0.871429,0.898024,0.374357,1.694794,-0.585070,0.670837,0.199542,2.555861,nan
0.223596,0.460344,0.018102,0.172780,0.743202,0.357269,-0.191006,-1.456973,-0.088810
0.678914,0.411036,0.036648,nan,nan,4.113466,0.845713,nan,0.484261
0.067579,-0.752280,-0.591591,-0.992953,nan,-1.849656,-0.354379,-0.621679,-0.061185
0.289119,0.681367,0.903064,0.806970,-1.306828,0.729168,0.400502,nan,nan
0.631288,-0.541649,-0.672312,0.704158,1.355157,nan,nan,1.275709,-2.573809
-1.457156,0.082687,0.702848,nan,-0.273357,-1.022574,-1.319812,-2.306875,1.129449
-0.319671,1.840371,1.297398,0.496025,-1.693370,1.366478,0.357108,0.507588,1.911616
-0.470373,0.021329,0.444223,nan,1.318000,-2.552806,-0.299017,-2.266113,-1.024589
-0.638878,0.088737,0.450518,nan,1.048278,-0.285325,-0.736654,-1.367153,-2.224534
-0.275142,-0.482573,0.129393,-1.516160,0.768856,-1.709237,0.233115,-2.984871,-1.042874
1.494941,-0.519679,-0.507495,0.494398,-0.871861,nan,nan,nan,nan
-0.865831,-0.854819,-0.129738,-1.509849,0.476381,-1.185114,-1.000033,-2.847087,-0.337055
0.968278,-0.280887,-0.564402,2.296350,-0.759032,nan,0.157094,2.525158,1.282392
-1.682870,-1.854338,-0.856140,-3.994558,0.953375,-2.358808,0.516308,-4.672013,-0.600008
-0.334885,1.038209,1.462788,nan,1.322630,-0.913124,-1.750681,-0.464949,1.477434
0.162753,0.272380,-0.156959,0.063837,0.125422,1.210166,-1.308663,-0.397993,-0.004642
0.586222,0.558892,-0.042957,0.698140,nan,1.048894,0.326831,1.204653,0.911410
0.711227,0.139298,-0.011214,-0.299781,nan,-0.743379,-0.504769,nan,1.154430
0.793347,0.275664,0.190167,2.692961,0.253108,2.433090,-1.251444,1.334096,-1.319169
-0.348725,0.500823,0.093223,nan,nan,0.781509,nan,-0.087238,0.447100
-0.462352,-0.253812,-0.101725,-1.532129,-0.475278,-0.408238,-0.349170,-2.343244,0.599312
0.857976,0.800474,0.335987,1.984372,-1.494909,1.709392,1.564387,3.649792,1.305020
-0.191304,-0.232855,-1.236533,-0.841841,-2.386190,-0.804076,0.976797,0.309426,2.169024
-1.275686,-0.877350,-0.428971,nan,1.334158,-1.006130,-1.853188,-2.597921,-1.802191
-1.133287,-1.551484,-0.979860,-2.111709,1.331045,-1.435324,nan,-1.596589,-0.705644
-0.919452,-1.844150,-1.279631,-1.348289,1.322042,-2.236706,-1.307953,-0.757712,-1.014991
0.497161,0.065487,0.611199,2.298009,1.033269,0.960533,0.084319,4.227173,-1.363409
0.142426,0.110761,-0.562018,1.972928,-1.015279,nan,1.023954,3.269070,0.366856
0.690485,-0.555048,-1.063496,nan,-0.164285,0.614429,-0.019876,1.894977,-0.589364
-0.427253,-0.237759,-1.368129,-1.259507,-1.367195,-1.625397,nan,-2.549942,nan
0.158540,0.116897,-0.194503,0.395855,-0.736075,0.770110,0.632979,1.422841,1.596614
0.625590,-1.196410,-1.342627,0.468524,-2.022914,nan,0.740055,-0.381843,1.226246
-0.309347,-0.795261,-0.798393,-1.595872,0.079369,-2.461213,-0.717341,-0.851681,-1.540284
0.456775,0.513472,0.827584,0.321424,nan,2.216411,nan,0.691869,-0.462078
-0.661926,-0.060022,0.580869,nan,1.310907,-0.516447,-2.671413,1.765772,-1.808662
-0.363054,-0.989099,-0.643435,0.602671,-0.564411,0.746657,0.220293,0.461745,-0.048327
-0.381738,-0.079955,-0.134749,nan,1.606333,-2.173617,-0.765104,0.004039,-0.809243
-1.195840,0.117765,0.966059,-2.382842,nan,-3.134221,-0.995120,-1.723464,-1.487394
0.486972,0.787437,0.473979,nan,-1.161991,-0.110468,1.040082,1.143871,1.367491
-0.469402,-0.301401,-0.509435,-1.849935,nan,-3.080405,-0.126323,-1.950318,0.024306
0.012494,-0.321336,-1.118942,nan,0.215244,-1.431631,1.316395,-1.767701,-0.620537
0.480747,-0.200168,-0.525015,1.043480,nan,0.727485,nan,nan,0.824342
0.446531,0.550739,0.683954,0.863824,nan,nan,-0.461360,1.640181,-1.798636
0.665385,0.469265,1.314066,2.467288,0.023244,2.713545,nan,1.788045,nan
-0.098485,0.391340,0.373423,nan,-0.313734,0.787619,1.766173,-1.041971,-0.157194
-0.423298,-0.119337,-0.351158,-0.213497,1.099129,-0.675262,0.407477,0.968484,-1.256882
-0.079718,0.533276,-0.141947,nan,nan,-1.030039,nan,1.560920,-0.891276
-1.687334,-0.777452,0.160216,-1.604062,0.807092,-0.550813,0.759574,-1.225064,-0.683150
-1.447112,-0.174274,-0.587594,-3.480151,0.715388,-3.938293,-1.635081,-5.243547,-0.590284
-1.322700,-0.051774,0.630563,nan,2.010269,-1.516654,-4.176562,-4.335659,-2.163450
-0.997247,-1.061792,-0.141404,-3.200455,nan,-2.448294,-0.044399,-3.411627,0.089194
0.399774,-1.065814,-0.754444,0.893028,nan,1.327917,-0.864388,2.004369,-0.430619
-0.905479,0.627705,0.663977,-0.194044,0.235589,-1.452933,-0.662910,nan,0.445668
-0.378163,-0.009420,0.388383,-1.087722,0.981114,0.205642,nan,-0.622471,-0.266585
1.299228,-0.550526,-0.744720,3.331693,-0.930496,3.409214,nan,3.897378,0.566959
-0.356264,-0.677806,-0.824427,-1.170561,2.567750,-0.837752,-1.730099,-1.231331,-3.358785
0.737516,0.909070,1.431207,0.177431,-0.351590,0.447004,1.420566,1.788996,0.455548
-0.933618,-0.662583,-0.425820,-2.012922,1.252854,nan,0.262304,-2.193131,-1.511541
-0.205438,-0.461162,0.080578,-0.178717,-0.182110,-2.437849,0.875924,-0.523149,1.936436
-0.950022,0.505606,-0.519816,-1.406622,nan,-0.065338,1.088759,-1.500237,-0.263201
-0.339033,-0.902618,0.017851,nan,2.917361,0.713458,-2.066392,nan,-1.617548
0.840308,-0.138553,0.371447,2.046572,0.040092,2.107510,nan,3.321183,-0.297740
-1.727320,-0.715690,-0.039439,nan,-1.019461,-2.578627,0.962005,-1.608628,0.167628
0.434424,0.490530,0.541483,2.282786,nan,1.460914,0.809816,2.062193,-1.490160
0.237736,0.466308,0.580983,nan,0.085268,-0.510121,1.055033,nan,-0.934555
-0.594150,0.340792,0.129487,-1.098588,-1.852859,-2.610133,1.826524,nan,1.067191
-1.446058,-0.584024,0.240159,-5.189584,2.512349,-2.771157,0.438136,-6.051010,-1.421655
0.072130,0.378634,-0.123047,-0.348886,-0.916664,0.569554,1.150668,-0.113598,nan
-0.529493,-0.446193,-0.502485,nan,-1.143600,1.325645,-0.644013,0.242192,1.931681
0.232676,0.160227,0.621850,-0.414083,2.182283,0.445224,nan,-0.503244,-2.024453
0.021852,0.086200,0.549733,-0.560810,nan,0.063184,-0.793975,-2.224468,-0.137739
1.601779,0.951458,-0.072555,3.204532,-0.476968,2.162874,-0.061545,3.477155,0.051878
-0.239356,0.421100,0.041899,0.638833,0.129128,0.732112,1.074423,1.703618,0.639957
-1.023497,-0.123147,-0.114266,-1.953133,nan,-1.525096,0.411669,-2.909608,-1.482590
0.179276,0.120590,0.409009,0.073396,0.410031,1.692179,0.337297,0.401255,-0.025481
0.219997,-0.456390,-0.931103,0.910782,-1.370112,-0.474460,1.200662,0.726245,0.526446
1.359188,0.726964,0.352171,2.656322,-3.129988,2.193035,1.582354,4.550245,2.775690
0.835111,0.397943,0.441245,1.166352,-0.563308,0.994880,0.111836,0.009118,1.194015
0.356871,0.313663,0.099746,1.006641,1.369291,0.922135,-2.268280,0.865507,-0.427969
1.463303,2.276219,1.887016,nan,-1.416860,2.452478,1.940975,5.147304,0.133682
-1.188763,-0.961022,-0.564344,nan,-0.077656,-1.177780,-0.748577,-1.082364,nan
-0.639752,-0.024273,0.065579,1.029467,1.562086,1.328071,-0.355245,1.380300,-1.139687
-0.926576,0.284635,0.017058,-1.552754,0.300372,-2.318442,0.047196,nan,-0.612116
-0.389810,-0.126304,0.524489,-1.187629,0.025804,-2.501027,-2.106983,nan,-1.396274
-1.376686,0.948149,0.788264,-0.177324,0.037151,0.643977,0.820405,nan,-0.105561
0.635151,0.052948,0.026699,0.273500,0.021114,-0.805928,0.512201,0.386442,0.394289
-0.222223,0.115751,0.123610,1.444431,nan,1.488099,0.127814,nan,-1.243146
-1.470806,-1.294567,-1.120803,-3.047691,0.507098,-2.924521,-2.080930,nan,-0.080855
-1.015579,-0.753857,-0.602963,-1.826458,0.550787,-1.371113,-0.426628,-1.661329,-1.026921
0.313514,0.331011,0.862190,1.369404,-0.832231,0.248738,nan,0.842422,0.844240
0.838127,1.011476,0.658572,2.976038,0.332517,nan,0.131109,3.034027,-0.771051
1.996731,1.221732,-0.126209,4.602961,-0.775974,nan,nan,nan,0.331734
2.913862,2.338312,1.149155,5.336314,-0.786181,2.065547,0.218771,nan,0.055642
0.414409,0.140729,-0.084797,nan,nan,1.208629,-1.734146,-1.658678,-2.512576
-0.989538,-0.727287,1.442055,-1.500478,nan,-0.311859,-1.295319,-0.367843,nan
-2.132046,0.826766,1.443589,nan,0.048961,-1.049552,-0.683198,-2.146425,-1.526372
0.267711,0.409822,0.057232,nan,-3.512981,-0.746142,2.182648,0.036678,3.722226
-0.812941,-0.910108,0.225810,-1.263737,1.240974,-1.627646,0.629202,-0.387511,-0.311316
-0.415357,-0.693663,-1.350842,0.024252,-3.346968,-1.041720,0.837137,-1.154483,1.819511
-0.612097,-0.965924,-0.541950,-1.234601,0.908808,-1.264358,-0.184892,-1.235073,-1.517451
-0.140791,0.585203,1.507614,1.645415,1.345881,2.773383,-1.900056,1.685749,-1.934951
1.065980,0.277926,-0.155553,2.148235,nan,2.591917,-1.097320,nan,0.464332
0.157049,0.167678,-0.779623,nan,-0.975424,0.729963,0.871552,-0.332934,0.099004
-0.158635,-0.123773,-0.249387,-0.199624,0.787036,-1.396126,0.366294,0.592535,nan
-1.035654,-0.005782,1.033329,-2.116482,2.202080,0.222055,-1.824348,-2.381792,-1.593924
-1.674683,-1.430062,-0.453610,-4.258354,0.825024,-4.858070,-2.030898,-6.185077,-0.059708
-0.486308,-0.996055,-1.070379,-0.750961,0.037019,-0.084042,-1.473861,-0.521487,nan
-0.053783,0.130117,-0.222393,nan,0.972995,-0.301409,-0.957897,-0.627089,0.807717
1.767930,1.304636,0.233480,2.945921,nan,1.166620,nan,nan,0.794065
0.130275,0.297910,0.379844,nan,2.387401,-0.693607,-0.533672,nan,-1.385862
0.982740,-0.075248,0.314078,1.821590,0.084231,nan,-0.484458,1.317542,-0.672525
-0.499296,0.224592,0.855673,nan,0.823093,-1.059378,-1.934438,-0.076825,-1.401038
-1.184944,-1.113175,-0.307050,-2.279779,0.005755,-1.637873,-1.554610,-4.108589,-0.643654
-0.965117,-0.847635,-1.054396,-3.802801,0.301675,nan,-2.136712,nan,-0.922338
-0.725226,-1.023380,-1.265103,-1.806122,-0.453412,-2.665616,-0.638283,-3.595695,-0.017702
2.128470,1.975046,1.208122,3.404688,-2.625054,3.245322,1.851068,5.403874,1.839481
-0.821387,0.032702,-0.400158,-1.327077,-2.266787,-1.708397,2.053475,-3.205516,2.819034
0.838489,0.842740,0.309862,2.670430,-0.210302,4.875312,1.740766,2.852059,-0.720594
-0.902927,0.421584,0.760221,-0.338774,-0.644057,1.141880,1.073042,-1.238706,0.167170
0.931573,2.434641,1.099444,2.835010,-1.664251,nan,0.520744,3.049123,1.556047
0.384951,-1.003983,-1.430803,0.581195,-0.209893,nan,-0.028231,1.000176,1.916221
-0.156638,-0.595183,-0.476215,nan,-0.221678,-0.899478,0.717149,-1.393973,-0.245822
-0.040763,-0.451704,-0.097309,-0.092128,2.065383,-0.977991,-0.732884,1.172746,-0.750786
-0.654788,-0.922968,-0.011178,-0.819155,0.684594,0.101871,0.627244,-0.378274,0.345297
0.446072,-0.531272,-0.255313,-0.302655,-0.257994,-1.972369,-0.685407,-1.036288,0.151313
-0.454983,-0.437249,-0.176476,-0.496112,-0.694925,-1.673389,0.780568,-1.899396,nan
-1.225606,-1.464425,-1.176956,-2.951448,1.362631,-2.374634,-0.756274,-2.333433,-1.565206
-1.277938,-0.404439,-0.475624,-1.118619,-0.394217,-0.616398,nan,0.759075,1.768790
0.172588,0.122483,-0.209229,1.428542,0.940745,0.895931,-0.123735,-1.036356,-0.567313
1.579091,1.126266,0.632253,nan,-0.090936,3.028996,nan,2.061834,-0.719657
0.159992,0.435406,0.468639,1.920613,-0.540087,1.082049,0.723305,3.121019,0.841605
-0.118638,0.362786,-0.724131,-0.186645,-0.502351,1.023168,-0.139689,-1.575747,-1.758884
0.285826,-0.118473,-0.573365,2.431447,0.207370,2.232475,-0.290217,nan,nan
1.306002,2.137801,1.920694,2.536349,-1.429576,2.772455,0.843005,nan,-0.262505
0.219383,0.273793,0.192827,0.529727,0.127167,-0.261390,nan,1.448358,-3.550500
-0.410927,-1.509203,-1.792589,nan,nan,-2.524515,0.156360,-1.700667,-0.023980
1.106289,-0.148519,0.727209,0.834378,0.819934,1.585681,nan,nan,-1.884681
0.428756,-1.003974,-0.946277,nan,nan,-1.899869,1.487271,-1.871216,0.405358
1.535756,0.780012,0.355450,1.894036,-0.626169,-0.579053,nan,nan,-1.409516
0.183234,0.006354,0.149875,1.357634,1.708117,nan,0.385157,nan,-2.359341
-1.224469,-0.940133,-0.568563,-2.635436,nan,-2.654705,nan,-2.708853,-1.163453
-1.368159,0.723569,0.625516,-2.017161,-0.613494,-1.531747,nan,-3.702524,0.441191
1.650928,1.209752,1.533361,4.598070,-1.878767,3.834666,1.356696,4.424173,2.824244
1.723666,1.370102,1.080585,3.764087,-0.106358,1.228674,1.522621,4.365306,nan
-0.179519,-0.741511,-0.128384,0.062274,1.111364,0.061263,nan,0.099807,-0.471656
-0.383187,-0.890995,-0.309695,-0.170830,0.817865,0.729619,0.154741,-2.473163,0.542676
1.461444,0.756486,-0.334903,1.662991,-2.260655,0.750450,nan,2.518983,nan
-1.107046,-0.432418,0.624945,nan,nan,-0.248989,0.041378,-1.407465,-2.612935
-0.894727,-1.746782,-1.550574,-2.065264,1.381930,-1.947250,nan,-2.485590,-0.984249
0.643327,0.195448,0.105004,0.903848,nan,0.990440,-0.595401,1.224375,nan
-0.394605,-0.187452,-0.851275,-1.778666,1.365035,-1.207174,-0.081856,-2.692977,-1.141398
-0.005122,-0.153165,-1.141425,nan,-1.568706,-0.345564,0.114976,0.070099,0.811530
-0.163443,-0.651095,-0.312697,nan,1.208130,0.382212,-1.332868,-4.044213,-0.838632
0.337575,-0.208887,-0.672932,-0.535149,-0.442342,-0.035784,1.129220,nan,2.749081
1.407482,0.579939,-0.952877,1.591854,-2.767983,0.594808,0.964103,1.406831,3.260096
0.090585,0.108852,0.330211,-0.221828,0.187537,nan,0.613325,0.756954,-0.447205
0.643939,0.745324,1.463118,2.179663,0.342204,2.373605,-0.312696,nan,-2.122167
-2.050172,-0.268487,1.095042,-1.552821,3.838219,-0.926163,-2.554856,nan,-3.473395
-0.048718,-0.230403,-0.298366,1.534016,1.119463,1.244271,-0.856166,nan,0.001633
-0.843230,-0.740924,-0.335348,-0.829048,2.425086,-0.067503,-0.982684,-1.661326,-2.053993
-1.218813,-0.303048,0.567059,-1.540050,2.304658,-2.391088,-1.755605,-2.565975,-2.612097
-0.878152,-0.011485,0.815322,-3.659520,0.756955,-3.468076,-0.888325,-4.127980,-1.936868
-0.334123,-0.471002,-0.448332,0.393433,-0.458239,-1.030454,0.542361,1.493641,nan
0.915903,1.011227,0.551299,nan,1.288386,nan,nan,6.334642,-0.967311
-1.326393,0.022513,0.566236,-1.525456,-0.627384,-3.540403,-1.760551,-2.265930,1.593227
0.030631,0.919496,1.003346,0.739735,-0.026982,0.547848,-0.547005,0.078976,1.096432
-0.484169,1.002740,0.880905,0.473812,-0.840357,0.106417,-0.645009,-0.363147,0.744327
-0.327673,-0.770328,-0.578003,-0.148045,1.063578,nan,nan,nan,0.517168
1.002758,0.511108,0.797975,1.894607,nan,nan,-0.387025,2.563496,-4.125410
0.538115,0.276952,0.664887,nan,0.094418,2.161863,nan,3.238066,0.321336
1.337398,0.600048,0.317524,nan,-1.333025,3.025759,1.666782,3.146734,0.820707
-0.154506,-0.531737,0.480517,-1.869416,2.012689,-3.613652,0.027642,-2.450370,-2.008418
-0.695943,-1.387865,-1.094732,-3.620273,-1.018024,-3.391151,0.445653,-5.215721,2.649928
-0.223859,-0.047054,0.841001,nan,1.116807,2.129547,0.079697,2.194189,-0.780689
0.242497,-0.416601,-0.134772,-0.302616,-0.249348,nan,0.459422,-1.236712,-1.641825
0.176573,0.148482,1.701327,nan,1.777412,1.430538,-0.943978,2.124790,-2.011178
-1.084388,-1.098025,-1.149344,-0.621000,0.672923,-0.520809,-2.692465,-1.744000,0.505263
0.090490,-0.724516,-0.951432,nan,-0.989250,-0.385046,0.649869,0.701613,0.834110
0.228228,0.278123,0.363429,-0.071989,1.944500,nan,-0.463711,0.780007,-0.533609
2.517474,1.364382,0.534880,4.783156,0.511854,4.928570,0.393657,6.039062,-1.977125
1.876845,1.343920,1.487152,nan,-1.002709,1.661296,0.831175,3.174449,-0.351982
-0.853243,1.103483,0.804572,nan,-1.540656,-0.264496,0.708569,-2.292009,1.031932
-0.287383,0.050411,0.579003,nan,nan,0.049385,-1.556446,0.511214,-0.283154
-1.463442,-0.392164,0.706533,nan,-0.305661,-1.315030,0.226529,-2.141115,1.842789
-0.590707,-1.049646,-0.310181,-4.262253,-0.219086,-1.992309,0.347937,-5.344249,0.557957
0.315605,-0.743033,-1.169606,-2.149372,nan,nan,nan,nan,-0.268568
1.205854,1.710907,1.710849,1.862649,-0.263761,0.176459,-0.390605,2.815535,0.230350
-0.729084,-1.010978,0.024605,-0.265873,nan,-0.930942,-2.317839,-0.490057,-2.135598
-0.654146,-1.057834,-0.350231,-1.311051,2.973892,-1.618326,1.049825,nan,-4.280782
-2.147289,-1.101014,-0.134450,-3.630167,0.924224,-2.149327,1.239322,-3.658969,-1.440333
-0.162666,-0.144468,0.046280,-1.632200,-0.312130,-1.347432,0.318079,-2.980254,nan
-1.062414,-1.162962,-0.651013,-2.028671,0.653934,-1.719348,-0.931604,nan,-2.019128
-0.529439,-0.478201,0.096664,nan,1.635606,-3.718892,-2.616655,-2.492128,-0.293371
-0.876861,0.422133,0.616332,nan,0.350111,0.927592,-0.806092,-2.208716,0.610534
-0.094263,-0.611327,-0.885045,0.732183,-1.907107,0.863563,1.198904,nan,2.098574
-1.757728,-1.854435,-1.480525,nan,0.039473,-5.527029,0.024334,-5.203850,-0.513652
-1.467045,-0.073707,0.005130,-1.153025,-1.345491,0.373502,nan,-2.227742,-0.232479
2.129247,1.409231,0.599677,3.178591,-1.949505,1.665863,nan,nan,2.642401
-1.287423,-1.078074,-0.489711,-2.322796,-0.809251,-1.572814,1.256108,-3.358000,0.324364
-1.096786,-1.655910,-0.888020,-2.609069,1.496288,-2.913850,nan,-4.451059,0.068233
1.836914,0.397220,0.017109,nan,0.476737,2.106755,nan,nan,0.884867
2.905067,1.414240,-0.053788,6.591675,-1.577834,nan,0.645391,nan,0.666470
-1.171567,0.230187,1.268450,-0.761040,-0.239547,-0.498803,0.460230,-1.582860,0.010275
-0.368249,-0.909732,-0.751166,-1.684961,0.461412,-1.617670,-0.811010,-1.079984,0.860928
0.341556,0.111614,-0.229889,nan,-0.246042,-1.831569,0.644279,-2.199281,-0.137748
1.728698,1.336950,0.792144,4.156325,-1.622956,3.785022,2.058492,5.148925,1.458094
-0.986857,-2.160316,-2.350451,-1.796534,-0.530704,-0.744048,0.235765,-2.580591,-0.240380
-0.245278,0.601011,0.159125,nan,-0.567444,1.078130,nan,-1.623297,-0.513979
0.777338,-0.439047,-0.093902,0.388292,0.119542,0.745829,1.430039,-0.405100,0.441151
0.434766,0.449780,-0.639317,nan,-1.543403,3.016054,1.799439,nan,0.858749
-0.376156,-0.015400,0.659314,nan,0.558420,-1.596497,0.246451,-3.770631,-2.016063
-0.133823,0.692299,1.349554,nan,nan,nan,-0.618604,-1.020707,nan
-1.374896,-0.301801,-0.013700,-3.679589,0.950319,-2.065242,nan,-4.953181,-0.808614
-0.238174,-1.783190,-1.209194,-0.877549,1.989072,-0.519532,nan,-2.143634,-2.622846
-0.266387,-0.682539,0.093428,-1.207393,0.423286,-0.651173,nan,-2.005938,-0.436537
0.232170,0.212829,-0.132783,2.565859,0.124587,2.811109,-1.034201,nan,nan
-0.555327,-0.414150,0.269166,nan,1.354619,-0.822713,0.091260,-1.673061,nan
0.471539,0.570097,-0.020959,0.753549,-2.283601,2.415822,-1.960634,1.883253,2.570642
1.012716,1.058914,0.304516,nan,nan,2.550762,1.263258,4.662689,2.136982
0.155429,0.503631,-0.043392,nan,-0.839093,0.667085,-0.697914,-1.444938,0.769203
0.351756,0.025886,0.086505,-0.543332,0.327729,-1.713310,0.629192,-0.780808,-0.832735
0.053155,-1.265858,-0.449649,-0.018190,2.928657,0.671072,nan,0.668658,-2.424997
0.000084,-0.318795,-0.347118,-0.648289,-0.204649,0.035177,0.324501,-1.296515,0.281140
-0.721558,-0.069321,-0.474614,nan,nan,0.374115,-1.791239,nan,-0.124384
0.316494,-0.605066,-1.120354,0.506988,0.718491,2.106178,-0.457849,0.723774,-0.792419
-0.097287,0.393249,0.541085,0.167116,0.619748,0.707800,0.787502,-0.856368,nan
2.093168,1.682459,1.640075,4.049433,0.219559,4.205626,0.782486,5.063039,-0.540919
1.573355,0.875484,0.425243,2.711464,-1.647185,2.714150,0.356987,4.078672,1.716342
0.385847,-1.951723,-1.870580,nan,0.353317,0.583993,0.792689,-0.349408,0.050726
-0.763057,-1.276190,-0.408943,-2.179907,nan,-2.695575,-1.627410,-4.008896,nan
-1.112411,0.764127,0.825275,-3.244259,-0.244373,-3.833289,0.971393,-3.208131,0.487880
1.191143,0.212995,-0.376089,nan,-1.197205,1.694154,0.642454,nan,0.759897
0.262749,-1.257526,-1.564075,nan,0.679659,0.372976,0.086124,-1.414321,nan
0.480143,1.104745,1.443977,-0.104333,0.038061,nan,-0.702594,-0.600724,0.739788
-1.744586,-0.862944,-1.436583,nan,-1.621357,-1.675125,1.217652,-2.208400,nan
0.927438,1.237178,1.110440,1.629501,-0.941480,1.529810,1.987603,2.344298,nan
0.454420,0.421081,-0.031334,-0.853063,-1.872847,-2.444835,nan,nan,0.492448
-1.110431,-0.234224,-0.059420,nan,nan,-1.231811,0.236056,-2.921843,0.865924
-0.471525,0.018344,1.002290,-1.372881,1.489629,-1.569118,-3.206625,-2.325547,-0.834890
0.263717,0.620100,0.059900,-0.995921,-0.097882,-2.268434,2.105008,-0.545104,0.191642
0.052467,1.620435,0.940573,1.201104,0.770578,3.056962,-0.723609,2.387363,-0.508629
-0.292171,0.533619,0.449349,-1.222006,-1.402468,-1.103347,0.541894,-1.288776,nan
-0.103488,-1.157982,-0.688415,-0.015852,1.145096,0.916095,2.109406,-0.158872,-0.777393
-0.251977,0.186674,0.004005,nan,nan,-1.566297,-0.022351,-0.404852,-0.024351
0.152563,0.875318,-0.132444,nan,-0.403125,2.424514,-1.208661,2.397873,-1.491957
1.471492,1.577637,0.387813,nan,-0.565187,nan,0.621158,4.639664,-0.927792
-2.566658,-1.581953,0.145102,-4.532354,nan,-3.205555,-1.075146,-5.958189,-1.169012
-0.236850,0.697036,0.666072,-0.762593,-0.097889,0.239828,-0.675972,-0.726400,-0.044617
0.176512,0.737676,0.762731,1.538417,-0.870930,1.038071,-0.102675,nan,1.310114
0.295994,1.948759,1.339499,1.921926,0.146113,0.855166,-1.354259,3.252263,-0.014522
-0.371915,-0.710959,-0.786941,-1.275750,nan,-0.810419,-0.882091,-2.105779,1.575577
-1.756722,-1.233541,0.378968,nan,0.549983,-2.738893,-1.087345,-3.984257,nan
0.327995,-0.050286,-0.232723,nan,-0.030255,-0.924392,nan,-2.265341,-0.936739
1.727350,0.520520,-0.323474,1.571519,-1.806260,1.785101,3.707208,1.666480,nan
-1.533861,-1.389945,-0.103727,-3.091331,1.573295,-2.353486,-2.636900,-2.877982,-0.063462
0.863828,-1.501959,-1.821896,0.615879,-0.891959,nan,nan,-0.955620,0.216623
-0.328525,-0.468552,-0.573648,-0.299157,1.413370,-1.113106,nan,nan,-0.376168
-0.061324,0.227888,0.205831,0.087005,-0.611291,nan,0.566832,nan,1.816687
-1.052899,-0.871705,-0.381359,-0.774487,-0.238448,2.153174,-1.056514,-0.535581,2.491545
-0.334456,1.187539,1.180174,-1.198419,-0.629210,-1.939716,0.483174,-2.582483,-1.657822
1.300045,0.659385,1.183329,2.848086,0.672318,2.323339,nan,3.313331,1.613178
0.582655,1.195048,0.949366,1.697150,-1.094808,nan,-0.405918,1.087076,nan
1.732312,1.049150,-0.869400,nan,-2.968599,3.595859,3.552319,6.722178,nan
1.177412,1.167191,0.743679,2.474629,-0.974544,2.566158,0.717421,nan,1.531463
0.439087,0.415012,0.219224,1.182440,-1.402672,0.796334,-0.372592,nan,1.062282
1.743935,1.830117,0.962638,5.292244,-1.333761,4.129962,0.005715,nan,0.075739
0.438993,0.258654,0.198199,1.584108,-0.345081,2.665709,nan,2.621596,nan
0.827988,0.761279,0.346287,2.231177,-1.208360,nan,2.321916,4.037279,1.394608
-0.296571,0.108148,0.149183,-0.780916,0.621593,-0.233354,nan,nan,0.131797
0.066546,-0.168527,0.151737,0.154505,1.291281,nan,-0.068707,-0.056531,0.855220
-0.697424,-0.065224,-0.113993,-2.731161,nan,-3.541730,-0.020313,-2.883556,2.386152
0.989584,2.058862,0.876372,nan,0.454662,1.744435,2.373983,3.311065,0.209071
-1.178304,-0.778430,1.242638,nan,1.838221,-1.719051,-2.355512,-1.652633,-1.585894
0.782350,0.684801,-0.044793,nan,-0.459865,nan,-0.296424,nan,1.062963
-0.190651,0.785120,0.735363,nan,-1.583007,1.172938,1.350860,2.186740,1.084034
1.171247,1.383801,0.007836,2.466605,-3.469774,2.639402,3.623968,2.766221,nan
0.750869,0.383636,0.139882,nan,1.545127,1.445826,-2.803999,2.791866,-3.022090
1.820646,-0.758049,-1.619246,0.655647,nan,-1.632772,nan,0.309811,-1.380598
0.730775,0.727079,0.141195,nan,0.592922,0.611409,-0.882508,0.551231,-0.270466
-1.572040,-2.339652,-0.877577,-2.418324,2.281198,-2.091502,nan,-2.082412,nan
-0.066953,0.995479,1.052474,nan,-1.303502,0.611866,1.026192,0.300892,0.754073
-1.172007,-0.467372,0.261909,nan,0.555391,nan,-1.112364,-1.808563,-0.849490
-0.518280,0.440632,-0.377613,nan,-0.680350,0.595722,0.328794,nan,2.502369
1.511228,0.124136,0.564388,2.502749,0.326685,0.370033,nan,2.455178,0.055868
0.637534,-0.767988,-1.401591,-1.391842,-0.477585,nan,0.862676,0.302715,0.121409
-0.698930,-0.166937,0.840410,-1.443953,1.562737,-1.846023,0.190734,-2.169786,-1.950659
-1.013717,-0.530381,0.390582,-0.967392,-0.039695,-2.145925,-1.613478,-1.485253,0.468836
0.032782,-0.327688,0.016682,-0.540081,-0.679933,nan,-0.654771,0.430937,0.715756
-1.216560,-0.549017,-0.501738,-2.402221,-0.341315,-1.968009,nan,-3.239411,0.201447
-0.671140,1.601635,1.558445,-0.807450,nan,0.168381,1.166162,-0.180900,-0.132649
0.312009,0.740173,0.263075,nan,-1.181728,0.704244,1.278184,nan,2.561329
1.155312,1.312305,0.717770,3.632423,nan,3.514459,2.167421,4.165786,1.074148
0.608761,0.895137,0.408545,-0.449092,0.302206,0.421281,nan,-0.194978,-0.355082
-2.291290,-0.110021,-0.419935,nan,0.392691,0.807024,-1.978909,-2.317221,-0.195827
0.304367,0.019133,0.484889,-0.307966,-0.146637,-0.851126,0.518574,0.661820,-0.064163
0.072034,-1.402316,-1.184017,nan,nan,nan,1.542869,1.099744,nan
0.413890,0.074935,-0.306619,nan,-1.569272,-1.728866,0.659946,-0.495974,1.033440
1.616210,1.376320,0.336029,4.214091,-1.205012,nan,nan,6.410240,1.272838
-2.063238,-1.710479,-0.570182,-4.516527,nan,-1.347465,-1.670232,-5.105542,-1.438399
-0.591103,-0.419008,-0.604753,-1.251880,-1.021376,-1.718155,nan,-2.382574,1.626677
0.590906,-0.188786,-1.455888,1.675341,nan,2.267313,-0.335969,3.033379,-2.350024
-1.581594,0.260623,0.886542,nan,-0.005842,-1.644155,-2.400494,-4.906297,1.368140
1.475949,1.262594,0.826842,3.160533,-0.178924,1.742666,-1.070717,4.320619,-1.060704
0.368357,0.640257,0.301882,1.180128,-1.698301,1.542713,nan,1.120383,1.096184
0.846584,0.858413,-0.141196,2.890349,nan,1.987649,1.813364,nan,2.667389
-0.570944,-0.311546,-0.033486,0.354469,0.059187,-0.637493,-0.882580,1.440825,-2.582681
0.813764,0.545171,-0.540258,3.372246,-0.561398,nan,0.132010,5.707303,0.116698
1.068472,-0.295393,-1.070472,nan,-1.298066,0.255944,2.715273,2.499732,2.115855
0.232878,-1.414070,-1.576469,0.051004,0.325772,-0.239864,nan,1.731747,-0.073669
0.234401,0.222257,0.529455,-0.105864,-1.004802,1.019481,-0.513644,nan,1.645560
0.270343,0.361965,0.027163,-0.180385,-0.783611,-0.541853,0.491395,0.875192,0.828321
-0.863345,0.414813,0.366920,-2.408782,-2.540462,-1.052555,0.686649,-4.096757,3.137679
-0.147529,1.026171,1.842541,nan,-0.249806,0.560549,0.456587,0.437409,1.621196
-0.152523,1.022738,1.040178,0.438987,-1.308014,-0.238702,0.211605,nan,0.575253
0.383394,-0.506920,-0.351057,nan,0.676534,2.144716,1.190112,nan,-0.682292
0.999824,0.253327,-0.282136,2.199722,-1.223433,2.663230,nan,2.073115,nan
-1.058536,-0.193034,-0.135052,-3.040517,0.412782,-0.816967,0.611352,-3.386608,-0.334036
-0.125009,1.709829,0.312162,2.400005,-1.179775,2.945153,0.513339,nan,0.956210
1.481456,1.776797,1.461371,3.417691,-0.979118,3.217236,-0.179527,4.052697,nan
-0.743588,0.411784,0.776658,nan,0.412863,0.127874,nan,-0.274261,-0.329940
-0.822250,-0.682577,-0.388969,-1.229416,2.512506,-2.540697,-1.083808,-1.770446,-1.816967
0.202306,-0.517087,-0.542975,-0.831599,-0.341281,-1.146751,-0.246037,-1.517599,0.161845
0.844385,0.974428,0.894299,1.427927,-1.481159,1.989911,-0.323552,0.531388,nan
0.011426,-0.764750,-1.392583,-3.663517,-0.961890,-3.749506,-1.073882,-4.071243,-0.567563
1.328961,0.497575,-0.295569,2.456080,-0.466676,nan,nan,4.330336,0.140494
0.856794,0.348052,-0.546748,nan,-0.305515,1.597064,nan,nan,nan
0.841820,1.535948,1.861967,3.243719,-0.198085,3.549503,0.189619,2.802064,-1.477554
0.554117,0.028770,0.294609,-0.910400,0.117807,-2.134919,nan,-1.752697,-0.145636
2.327653,-0.543648,-2.234561,3.141070,-1.388799,1.131571,1.006713,3.417869,1.361544
-0.205162,0.250530,-0.494908,nan,-3.126218,-1.456672,0.505190,-1.098943,2.769023
-2.003522,-1.491076,-0.657977,-5.014009,1.484141,-5.368078,nan,-5.714879,-0.136366
1.604254,0.831969,-0.051921,1.354206,-0.734603,nan,1.909989,1.148913,-0.180973
-0.457699,-0.289543,-0.756516,-2.006827,0.115480,-1.169042,0.861987,-1.822667,-0.362766
0.107880,-0.137653,0.829895,1.076882,1.764755,nan,-0.193597,0.826822,-1.491524
1.309551,1.208014,0.729816,3.553628,0.058999,nan,nan,1.076159,2.065219
-1.602260,-1.874135,-0.781222,-4.780403,nan,-4.700067,1.444894,-4.393779,nan
-1.251647,-0.987734,-0.760700,-2.538069,0.395047,-3.592027,0.090852,-2.508666,nan
-1.601278,-0.321812,0.584071,nan,nan,0.618194,-1.167655,-5.855593,nan
-0.794136,-0.826927,-0.613517,-1.279008,0.916218,-1.177290,nan,-1.750654,-3.064825
0.439637,-0.906346,-0.998640,-1.312196,-1.430746,-2.440541,1.683898,-0.919129,0.985787
0.524188,0.730083,0.732311,0.549649,1.059959,-1.022229,nan,0.513561,nan
0.276274,0.924303,-0.157938,-0.559173,-1.384116,-1.198887,nan,nan,nan
-1.412766,-0.737880,0.632040,nan,1.631248,-1.726182,-1.034251,-1.531052,0.133667
-2.310103,-2.527644,-1.237889,-2.133671,0.856248,-1.587729,-2.108195,-4.916688,-3.509860
0.054354,0.521356,1.041251,0.292337,0.335278,1.764878,nan,-2.096500,-0.739102
-0.471776,-1.397810,-1.514425,-3.552251,1.006754,-3.052150,nan,-3.147881,-0.225287
0.459386,0.445852,-0.242716,1.730568,-1.638775,nan,0.369889,3.824924,2.454322
0.701954,-0.270248,-1.007734,2.474643,-1.860056,nan,1.970008,2.311478,nan
0.138241,-0.742767,-0.510537,1.314651,0.154057,2.218897,-1.040701,nan,nan
0.760133,0.070730,-0.138465,1.340205,-1.161951,1.285872,1.255125,1.696595,nan
0.229211,-0.013703,-0.311931,0.866781,1.165099,0.363199,-0.763882,0.819566,-0.457588
0.530065,-0.185913,-0.814785,0.796994,-0.716433,3.115178,-1.110523,0.259519,-1.302655
-0.704673,0.059756,-0.374092,-0.306576,-0.470794,-1.090996,1.252473,-0.148843,1.275240
-0.179611,-0.402054,-0.292002,0.470970,0.101999,0.958665,0.643713,nan,-1.991659
0.196776,0.784522,0.335791,-0.066153,-1.437522,-0.772833,-0.039855,-0.208220,0.798577
0.820528,0.607085,-0.103294,0.947828,-1.637404,0.744153,1.290944,0.101028,2.455684
-0.393741,-0.685161,0.343539,-1.274862,nan,-1.802139,-2.685055,-3.275359,-0.049817
0.521167,-0.345574,-0.473972,0.378664,1.769225,1.361867,0.062711,nan,nan
-0.265839,-1.286167,-0.314160,nan,0.581645,nan,nan,-1.209586,-1.497524
-0.117542,0.144742,-0.115570,1.014717,-0.239037,1.005208,0.483575,1.740030,1.236543
0.829519,0.166548,0.006771,0.020983,0.441492,1.309460,-0.919345,nan,nan
-1.993060,-2.657067,-1.555474,-3.399618,nan,-1.680762,-1.158503,-3.908751,-1.096810
-1.296472,-1.023237,-1.278459,-2.653338,-1.042673,-1.929767,-0.290969,-3.610258,-0.177953
-1.482185,-1.371817,0.061372,-5.775307,1.446284,-5.588839,-1.414547,-7.200229,-0.576677
-2.333616,-0.063834,0.581441,nan,nan,-4.884895,-1.153113,-4.166460,-0.910055
-0.678264,-1.531077,-0.648173,-2.055822,nan,-1.997365,-3.460411,-3.266990,0.232043
0.749434,-0.634229,-1.108227,nan,1.255824,nan,nan,nan,nan
-0.284884,0.634537,0.510672,nan,0.049445,1.060906,-0.389659,0.887740,-0.229684
0.197790,1.048629,0.346140,nan,-0.116146,-0.755137,-0.681998,0.580802,-0.504672
1.089217,0.023121,0.309731,0.830942,0.318304,1.405803,nan,0.512067,0.408601
1.327686,0.221383,-0.065495,3.054988,1.230990,0.466173,1.406519,nan,-1.302419
-0.069138,0.396796,0.521705,-0.582439,-0.983794,-0.396804,-1.016037,-1.239504,1.430831
1.353586,-0.952177,-0.488725,nan,1.758198,1.493360,-1.366168,nan,-1.294384
0.092127,-1.256772,-0.454885,-1.131689,-0.326652,nan,0.979140,-0.556695,-1.200730
-0.837398,-0.615212,0.141721,-2.102308,1.097333,-1.701863,nan,-2.001217,0.166744
-0.594400,0.787723,0.097635,-0.611851,nan,1.064453,-0.458162,-0.160648,-1.785605
-1.480537,-1.045279,-0.739902,-3.191398,0.447140,-4.669341,-1.005351,-5.320479,1.244641
-0.888134,-0.373411,-0.534233,-1.883277,-0.334376,nan,0.182812,-0.719114,-1.031739
-0.358017,0.614644,0.962887,0.511921,nan,2.229742,-1.063067,1.943450,-1.629121
0.803585,1.876612,1.345540,2.940184,-0.809003,1.750185,0.702343,3.795672,1.724485
1.720770,0.456591,-0.846214,3.342303,-1.998322,2.793925,1.300117,nan,0.523191
-1.382182,-0.702876,-0.242019,-2.734155,-0.426605,-1.693256,-0.717732,nan,0.531651
0.392827,1.471852,0.312578,nan,-1.946732,0.974630,1.295801,0.808666,1.428340
-1.040544,-1.585811,-0.983064,-2.585496,nan,-1.858229,-1.409233,-3.035964,-0.345322
0.474697,0.956655,-0.204771,1.043678,-2.234364,nan,-0.018843,1.582933,2.718555
-0.131087,-0.778364,-0.318952,0.255635,1.108551,-1.366308,-0.686253,0.616061,-1.049305
-1.830906,-0.843722,0.063275,-3.448438,0.015638,-1.880837,-1.543480,-5.400962,-1.942490
0.928297,0.294315,0.910937,0.334880,0.701976,1.862954,0.462829,0.915059,-1.901341
-0.605001,-0.973108,-0.173050,-2.231330,0.208982,-0.537900,nan,-3.321371,-0.776231
-0.533900,-0.955121,-0.815384,0.485774,-0.394952,0.172324,-0.341470,nan,1.132373
-1.069752,-0.341386,0.456852,nan,0.746465,-2.023238,0.568588,-3.662779,-0.842554
-0.654283,0.369736,-0.206758,nan,-1.098222,-2.306364,0.372336,-2.934195,-0.919639
0.427890,0.123130,-0.511100,0.411731,-0.096372,0.742545,nan,-0.221522,-0.566810
-0.189244,-0.045543,0.186910,nan,nan,1.226991,1.497055,1.557560,0.298590
0.328662,0.564153,-0.726401,0.871510,-3.047891,0.235862,2.380676,0.277722,nan
0.361922,-0.499172,-0.526495,0.585945,nan,-0.420310,1.547818,1.114047,0.728819
1.320662,1.178116,0.036162,nan,nan,0.621872,2.440507,2.711179,nan
-0.342786,0.402147,0.475207,-1.811932,0.788337,0.900006,-0.591900,-1.277142,-1.982444
-1.476858,1.084110,0.771477,-1.675603,nan,-2.036997,-0.474813,-1.245020,0.004599
1.067222,0.270338,0.108228,1.278391,-1.278865,-0.310417,nan,0.898270,-0.850503
-0.331488,-0.486401,-0.280011,-0.350772,-0.184730,nan,-0.840013,-0.235558,0.518488
1.114592,1.095572,1.242263,1.117199,0.866975,-0.021484,-0.742444,2.314411,-0.825499
0.383377,0.765061,0.500403,nan,-1.663032,nan,1.963478,2.694319,2.199819
-0.131138,-0.440130,-0.697084,nan,0.352192,0.094944,-1.020690,1.349814,-0.370942
0.348776,-0.107826,-0.314336,-1.077654,nan,-1.861894,0.036749,-1.046404,0.525295
1.951013,1.354298,-0.173984,nan,-2.965953,2.899373,2.435596,4.666637,1.323445
2.076981,0.459181,-0.052680,3.065838,-0.777749,2.223654,1.364168,nan,0.354615
0.069381,-0.252683,0.071964,1.420337,-1.345830,nan,1.698679,0.932510,1.260929
0.160191,0.142810,1.300789,0.537520,1.700363,-0.766473,-2.076310,2.403834,-2.709927
1.076240,1.235277,0.354432,3.185251,-1.503734,2.197347,nan,3.708814,-0.633479
-0.845661,-0.846050,-0.557039,-1.767787,-0.936024,-2.072863,-0.859726,-2.606463,nan
0.333070,-1.123134,-1.286308,nan,0.140315,-0.523206,-0.207508,-1.030776,-0.247744
-0.025863,-1.354550,-0.969824,nan,0.425886,nan,0.302702,2.814149,-1.166640
0.313908,-0.724635,-0.483035,2.184906,0.645186,nan,nan,nan,1.360467
-0.833369,-1.335902,-0.845398,-3.614438,-0.779290,-2.971492,-0.979964,-4.090518,0.173943
-1.589567,-0.903011,0.297624,-2.454613,2.980880,nan,-4.249176,-3.170508,-2.391172
-2.072983,-1.868708,-1.181561,-3.802540,nan,-2.672489,-1.465875,-5.167898,-0.500546
-1.117384,-1.050621,-0.012194,-3.275171,0.131763,-1.904994,1.069187,-3.675932,-0.899025
-0.458675,-0.771198,-0.210107,-1.841618,2.049986,-0.686452,0.101206,-4.233783,-2.165567
-0.293192,-0.454951,-0.282019,-0.482325,0.310225,-1.613237,-2.414632,nan,-1.845879
1.937231,1.894369,0.776857,4.809034,nan,nan,1.935014,6.059765,2.572188
1.105993,1.016360,1.694624,2.690283,-0.029892,3.379312,0.702121,2.610922,0.622455
-0.962091,-0.469755,-0.495681,-2.096749,0.507444,-3.332957,-1.682359,-3.193026,-1.040210
0.347708,-0.148864,-0.074437,-0.614035,nan,-0.639181,-1.284698,-1.751644,-0.902662
-0.407078,-0.506802,-0.658428,-2.957309,nan,-4.365320,-1.039908,-3.649527,-2.124421
-0.284364,0.087241,1.047912,1.157085,1.054937,nan,-1.527863,nan,-2.436914
0.185326,0.501581,0.789080,-0.027967,0.923096,-0.255291,nan,nan,1.157020
0.619171,-0.325747,-0.785524,-0.093548,-0.410177,0.599903,-0.511226,nan,-0.058655
-0.339258,-0.144093,0.242801,-0.243307,0.043884,nan,nan,0.623038,0.698285
1.063852,-0.890208,-0.902474,1.064778,0.071490,0.810480,-0.428529,1.399371,0.818833
-1.141938,-0.422769,-0.253946,nan,1.324988,-2.800419,-1.622607,-3.049356,-0.676054
0.006339,0.536674,0.806520,0.935015,0.348874,1.770252,-2.145371,1.656335,nan
2.597674,1.102789,0.297582,3.961687,-2.549532,nan,1.883493,nan,1.633186
0.223080,1.383109,1.147412,-0.031517,-1.594096,0.118136,0.156298,0.587006,1.337750
1.433215,0.099740,-0.371132,2.057152,-1.407738,nan,nan,4.317553,1.136472
0.091520,0.197968,0.346446,0.301850,0.150265,1.507723,nan,nan,-0.166550
0.580777,0.265311,0.152710,nan,1.444460,1.403771,-0.734202,-1.177681,1.862750
-0.056783,-0.098600,-0.032298,-1.239606,-1.529966,-0.483701,1.140389,-2.967708,1.172755
-0.170408,-0.165229,-0.401569,-1.385609,-1.836769,-0.276692,2.432710,-0.452039,1.375115
-0.779482,-0.314768,0.828914,nan,-0.630355,-0.298191,2.740486,0.118176,0.167430
0.430301,0.808722,-0.007323,nan,-0.943379,0.844885,0.370830,1.407399,0.004661
-0.851537,0.538647,0.900197,0.265498,nan,0.258227,-1.390751,0.315426,0.190687
0.665585,0.331217,-0.094822,0.250863,0.353244,1.302349,0.046974,-1.197276,nan
1.085287,1.113365,1.444879,1.490911,nan,1.296421,nan,1.129257,0.884358
0.366531,-0.307971,-0.808078,-0.881404,-0.004573,-1.365585,0.102395,nan,0.538174
-0.286249,0.393044,0.032679,nan,nan,0.954928,1.200569,2.113511,-0.508597
0.453966,-0.306411,-0.866228,0.043515,0.662420,nan,-0.067686,nan,0.167780
-0.308673,0.609125,0.741635,-0.195994,0.008234,0.810659,0.136120,-1.676305,0.431649
0.935547,2.015222,0.644988,1.934999,-2.239208,3.195459,1.314520,0.019435,1.700044
-1.831406,-1.001162,-0.490772,-3.080204,nan,-3.381314,-1.107355,-2.038139,0.964265
-0.335607,-1.702584,-2.337568,nan,0.969156,nan,-1.681816,-2.721643,-1.367130
-1.990812,-1.379057,-0.385791,-4.296121,0.550985,-4.954399,-2.106555,-4.903668,-0.751554
-1.495061,0.114782,0.290237,-3.097312,-1.171232,-1.468685,0.762944,-3.504569,0.584213
1.363862,1.069085,-0.297919,0.215184,-2.233240,-0.047639,1.158836,-0.755938,nan
0.895185,0.621832,0.771715,nan,0.064734,0.831502,0.819299,0.303936,1.400555
-0.719480,0.346328,-0.160927,nan,nan,-0.755642,-0.590690,-0.807311,0.513816
-1.502503,-0.412134,0.519515,-1.489846,0.172306,-1.420491,-0.865174,-2.999868,0.089974
-2.964529,-0.629857,0.034953,nan,0.408724,-2.253948,-0.784561,-5.565196,-1.079004
-0.543496,0.371849,1.261313,0.320416,0.178289,-0.533282,-0.326766,0.158936,nan
2.420415,2.275398,1.468969,4.696063,0.004099,nan,-0.382670,4.682298,-0.846182
0.434884,0.468599,-0.259610,1.429600,-1.406890,-0.081517,-0.177755,2.886599,1.845645
-0.559572,0.353895,-0.007553,-1.193538,nan,-0.119442,nan,-0.348056,-0.450957
0.465080,0.017551,0.177279,nan,-1.015586,1.522353,nan,2.475425,-0.508996
-1.560958,-1.201502,-0.624103,-3.229490,nan,-2.162527,0.114783,-4.340447,-0.441164
-0.297323,1.046076,0.841386,-2.248011,0.389262,-2.091384,nan,-1.476630,0.867763
0.099477,0.201082,0.767142,0.218209,0.373697,2.091049,nan,-1.650192,-3.455720
-0.086101,0.520366,0.067779,0.192241,nan,-0.545978,1.095159,1.807418,nan
0.790806,0.482021,0.194022,0.252119,0.684101,-0.686289,nan,0.604612,-1.228659
0.344645,-0.238238,0.183330,0.872021,1.121112,1.416025,0.541586,0.920665,-1.923334
0.668326,0.341851,0.477542,2.360408,0.210053,0.752415,0.748661,3.007659,-0.526280
-0.688372,0.661010,0.655513,-1.858154,1.774780,-0.290889,nan,nan,-2.836996
0.897815,0.837576,0.256263,2.521471,-2.181882,2.414643,0.515572,3.535733,0.837743
1.628937,-0.383563,-1.664939,3.119009,nan,2.523125,nan,3.919130,-0.452266
-0.970150,-0.635746,-0.745674,-2.723482,0.719876,-1.274330,-0.877909,-1.909508,-1.083972
-0.887696,0.803758,1.068495,-1.372758,-1.241819,0.322878,-0.223823,-1.194274,nan
1.335784,0.518234,-0.055089,nan,0.605692,nan,nan,1.518691,0.999039
-0.191344,-1.356007,-0.989939,-1.543735,nan,nan,-1.672371,-3.437512,-0.295033
1.403821,2.027045,1.720116,3.069249,-0.833543,2.176391,2.735100,2.274478,0.654258
-0.442536,0.256407,-0.255775,0.630618,-1.285727,-1.753271,0.360578,nan,-0.672523
1.455046,0.678514,-0.011793,1.882908,-1.268185,1.085051,nan,2.231017,0.309146
0.131486,-0.194250,-0.100490,-1.454569,1.433624,-2.887801,0.024306,-1.984050,-2.318264
0.258229,0.886761,0.279860,-2.313730,-0.193591,-2.025975,2.002288,-3.030805,1.662931
1.564718,0.402971,0.568700,1.879106,-1.018310,2.935563,nan,nan,1.131967
-0.361770,0.622894,1.061140,-1.544660,1.668985,-1.198039,nan,-0.548007,-0.524283
-0.941122,-0.091024,0.354584,-1.271618,1.311108,-0.420224,-0.550645,-2.336143,-0.121607
-0.448564,-0.053005,0.989281,-0.469940,-0.354172,-0.482376,nan,-2.507297,1.394719
0.452334,0.328027,-0.622726,nan,-0.553328,-0.491608,nan,-0.255086,2.270013
-1.565759,-0.905357,-0.258421,-2.439030,0.701560,-2.183687,-0.439750,-3.971533,-0.327673
0.637471,1.050684,0.832474,1.269958,-0.285720,2.257385,2.206322,0.548427,1.361391
-0.538771,-0.875126,-0.995747,-1.498909,0.758362,nan,0.239263,nan,-1.325739
1.147813,-0.561441,-0.643140,0.920415,0.487014,-1.284443,1.658163,2.694080,1.372663
-2.394260,-0.767022,-0.448631,nan,1.318802,-3.426440,-1.541385,-2.210208,0.704716
-0.786566,0.048584,0.620116,-0.560982,0.287430,nan,-1.376334,-0.305509,nan
-1.686468,-0.507065,0.629206,-2.596019,0.686222,-2.962756,nan,nan,0.729804
-0.826229,-0.127705,0.281872,-0.152271,0.229491,0.089544,-0.303535,nan,0.245886
0.247666,-0.100545,-1.081135,0.355954,-3.610711,-0.379130,2.814607,1.239059,3.007557
-0.179227,0.461625,-0.060329,0.100657,-0.758016,-1.770195,0.406926,-0.997797,0.117490
-0.253378,-0.158579,0.231505,0.075947,1.604865,0.797635,-1.532839,1.433086,-1.766673
-0.159185,-0.420572,-0.278103,-0.719472,-0.480244,nan,0.661410,-1.461662,0.335863
0.203388,-0.116630,-1.501322,-0.955246,-2.420404,-1.745197,nan,-1.634676,nan
-1.008536,0.910180,1.652120,0.704728,0.880397,0.950416,-2.779198,0.663579,-0.700954
0.706850,-0.861058,-0.832573,nan,2.622642,nan,-2.602500,1.720525,-1.137590
0.662666,0.681185,-0.063389,nan,-1.196480,-1.148475,1.478560,-1.109016,0.758030
0.385038,-0.982858,-0.404320,-0.897083,nan,-1.057300,0.777347,nan,-0.931188
0.556533,0.202503,-0.343727,-0.129596,-0.952611,-1.404670,-0.100180,-1.757367,1.903361
0.296418,-0.155330,-0.557416,nan,nan,0.956681,-1.216535,-1.483870,0.882359
2.035073,-0.441983,-0.784932,3.193696,-0.637988,2.312873,nan,2.409600,-0.511012
-0.087094,0.228779,1.099671,1.485882,0.218161,1.701838,nan,3.039382,nan
-0.307083,-0.419568,0.568264,-0.283272,0.523066,0.972276,nan,-0.778204,-0.515534
-0.753528,-1.846208,-1.071053,-0.494222,-0.165238,0.838042,0.962421,-0.222321,0.754835
-1.032263,0.071566,0.598125,nan,nan,-1.775576,-0.210178,nan,0.135303
-1.244472,0.382268,1.074906,nan,-0.986163,0.583108,-0.666313,-2.307785,-0.262143
-0.888797,0.598688,0.117098,nan,-0.591992,-3.749582,-0.602209,-2.894586,-0.088121
-0.070680,0.215929,0.516022,nan,0.186839,1.266464,-1.437551,-0.131812,0.485852
0.334295,0.199388,-0.307815,nan,0.506232,3.183178,-0.425590,nan,-0.836835
0.051142,0.955281,0.908121,nan,nan,1.659996,-0.072114,1.545405,-1.489394
-0.765535,0.794901,0.751847,0.269481,-1.067365,0.892950,-1.590785,-0.765550,-0.288757
0.900185,1.243590,0.975421,1.564353,-1.096564,1.980694,1.436845,3.227630,nan
0.739413,-0.289370,-0.394268,nan,nan,0.469070,nan,2.212707,0.746154
-0.159648,0.061117,-1.439727,1.241296,-2.588154,0.169009,nan,nan,1.144259
-0.652916,-0.018797,0.270283,-0.425212,-0.338384,-0.415887,-1.904241,-0.363829,nan
0.548428,-0.992518,-0.637466,-1.063720,-1.047973,nan,0.397973,-1.204910,0.574967
0.187974,0.422539,0.504604,nan,nan,1.575586,0.572221,1.236320,nan
-1.448127,0.867031,1.076770,-1.494402,0.702848,-0.159047,-1.182604,-1.666139,-0.575449
-0.067980,0.413965,1.172647,-0.567062,nan,0.382425,-0.148737,0.232464,nan
0.262036,1.162407,1.007001,-0.056534,-1.197608,0.414928,nan,-0.611116,1.170014
-0.899695,-0.321807,0.231299,-2.322795,0.974853,-1.692007,-2.164878,-2.868766,-0.093478
0.189843,0.043669,0.500228,1.455499,0.896280,nan,nan,nan,-2.129594
-1.454822,-0.460521,0.249326,nan,1.976322,-2.362063,-0.827098,-2.275639,-1.067378
1.336186,0.097014,-0.772253,3.723699,-1.179519,3.289040,1.720714,6.562047,1.827157
1.247950,-0.050668,-1.634088,0.049610,-1.153882,1.248366,nan,nan,nan
-0.252517,0.760155,0.445318,0.423792,-0.838026,0.394244,-0.335257,nan,0.768428
0.363454,1.142367,1.185330,2.716529,nan,3.747612,1.414367,3.924517,0.374941
-2.409922,-1.898735,-0.972560,-2.732861,2.039191,-1.976879,-1.654258,-1.977951,-1.754485
-1.156348,0.099425,0.827034,-2.223934,0.944982,-2.629061,-1.435189,-3.153585,-0.993304
-0.293779,-0.207761,-0.003711,1.046790,-0.859053,0.488530,-0.461578,1.755439,1.404240
-1.072133,-0.298201,0.727113,-0.663352,nan,0.563549,-0.858276,nan,-0.310905
0.714396,0.679351,0.181554,2.593612,0.026483,2.092468,0.809052,nan,0.099179
1.997297,1.694694,0.990373,4.057386,-1.121304,3.000217,nan,nan,1.285269
-1.176615,-0.530405,0.181603,-1.019959,nan,-0.565299,-0.365798,-1.948229,-0.352672
-0.837463,0.568382,1.456745,-0.056864,2.833170,0.196546,-1.829404,-0.249751,-1.805133
0.235448,0.334313,-0.656503,-0.082065,-1.732123,-0.442394,0.158455,nan,-0.150468
1.611116,1.242487,0.281451,0.335948,-1.668447,-1.210459,nan,1.818631,2.766592
-1.222374,-1.194471,-0.164606,-1.288748,2.477613,-1.281591,-2.665498,-1.950690,-2.397593
0.249036,1.635579,2.006701,2.257944,0.060947,1.795049,1.203737,2.645545,nan
1.821299,1.239527,0.565268,4.104232,-0.956903,nan,0.101554,5.896363,-0.136435
-1.651759,-0.326781,0.087751,nan,-0.860395,nan,nan,-5.302846,-0.033594
-1.281069,-1.766265,-0.650132,-3.200643,1.538441,-2.768879,-0.561167,-2.458038,-1.981452
-0.423607,-0.787695,-0.068722,-2.592705,1.242844,0.046206,0.292884,0.186140,nan
-0.520588,0.606224,0.461325,1.155887,0.858782,1.652317,-1.269236,1.677255,-0.071043
0.812601,0.607124,0.407073,nan,0.987811,1.736075,1.637683,nan,-2.168331
0.241660,-1.218816,-0.457287,0.609426,1.179336,nan,-3.255107,1.785392,-1.394426
-1.774962,-0.160678,1.349176,-3.077450,0.585289,-4.129072,-2.161628,-3.539747,0.697185
0.515410,-0.122943,0.118325,nan,-0.977576,-0.433005,nan,-1.958925,3.052577
-0.577539,0.699152,0.754653,nan,1.379500,-0.853066,-0.146498,0.024766,nan
1.274447,0.575739,0.051219,3.432945,-1.108872,1.868283,nan,5.059380,0.470552
-0.627588,-0.170499,0.330575,0.851285,1.594411,-0.120391,-0.152202,0.071609,-0.838306
-0.636615,0.506961,0.538717,nan,0.648494,0.175149,-0.890436,-0.883358,nan
0.541132,-0.357679,-0.353663,nan,nan,0.660388,0.936087,nan,1.058606
0.762926,-0.313530,-1.008640,1.158990,0.900858,1.098436,0.539240,1.842986,-0.004653
0.448099,0.086501,0.583299,nan,0.334649,0.352534,nan,-0.534870,0.454465
-1.685597,-0.263778,-0.275435,-3.518256,1.315199,-3.955512,-0.338674,nan,-0.294669
0.538034,-0.662597,-0.907544,1.105088,-0.286384,nan,nan,1.578562,0.492819
-1.034308,-1.684778,-0.988734,-2.612461,0.600347,-0.033358,nan,-3.362115,-1.006421
0.235276,0.694243,1.480305,0.185803,0.403197,nan,0.147488,-0.582690,-0.805993
-1.423734,-1.133952,-0.691383,-2.298739,2.656729,-3.724202,-3.700947,-4.024638,-1.656602
0.446322,-0.051397,-0.508022,0.308725,nan,-0.966381,-0.925795,-1.073708,0.164557
-0.806599,-1.703067,-1.395882,0.359575,nan,-0.782796,1.403484,nan,-1.729076
-1.282635,-1.116603,0.320957,-2.763045,-0.195758,-2.533501,0.599571,nan,-0.670791
0.713820,0.351613,-1.339029,2.809710,-2.110810,nan,1.932609,3.149466,0.840746
0.241645,0.772087,0.043807,nan,-1.990819,1.533013,nan,nan,2.427943
-0.613977,-0.846850,0.872358,nan,-0.484105,-0.353848,-0.136726,-0.887388,0.298012
1.451179,1.885753,1.368690,3.487338,-1.638289,3.146953,nan,3.217713,-0.012803
-0.440652,-0.699515,-0.980409,-1.148235,1.845980,-1.359686,-0.604666,-0.051650,-0.832353
0.032108,-0.462110,-0.400280,-0.172213,1.279901,-1.281872,-0.009953,-1.261200,-0.501017
0.268913,1.210607,0.921539,nan,0.521892,0.623853,-2.563811,1.664491,-0.615307
-0.619666,-0.161811,0.479514,nan,0.086294,0.572907,-1.465864,-0.582775,-0.269580
0.471136,-0.150849,0.657731,1.610399,0.062466,2.732256,0.538615,3.174155,-0.986311
-0.533452,-0.375319,0.054056,nan,-1.236331,-3.926670,nan,-5.634326,-0.312204
-0.411638,0.741332,0.446663,nan,0.484059,-0.629381,-0.572899,-0.962434,-0.362768
1.362643,1.707663,1.350880,1.705049,-0.953408,1.341532,2.629608,1.819709,0.085361
-1.040586,-1.092048,-0.910589,-1.453419,0.140492,-1.811867,0.991997,-2.498425,0.315281
-2.412780,-1.236094,-0.781710,-3.611575,1.262415,nan,-1.619253,-5.295396,0.109774
1.610937,0.868578,-0.668373,nan,-2.516445,nan,nan,nan,nan
2.549328,0.584296,-1.079926,5.621263,-0.463353,nan,nan,nan,0.313245
-0.405269,-0.241614,-0.519933,-1.109224,-1.794435,-2.821840,2.539493,nan,1.231030
-1.936838,-0.964693,-0.779598,-2.848370,-1.222389,-3.084383,nan,-3.360668,0.395618
-0.310484,0.642905,0.764087,0.651954,0.942428,1.897777,0.234359,nan,1.037535
-0.286223,0.702086,0.047835,-0.242318,-0.348372,-0.590523,-0.559430,-0.242363,1.521916
-0.189924,-0.325408,-1.775183,nan,-0.911248,0.250666,-0.335567,0.198391,0.912516
-1.113388,-0.706461,-0.753108,-2.396104,-1.853034,-2.392183,nan,-2.947388,2.228862
0.579561,0.754785,0.194030,nan,0.161897,2.102048,0.563467,-0.336877,-0.591084
0.524507,-0.147378,-0.577980,0.819925,1.021943,1.011278,-0.357618,0.936275,-2.289470
-1.494406,-0.335155,0.939960,-1.657385,0.707058,1.283494,-1.558535,-3.425401,-0.968535
0.699197,0.288064,-0.286079,2.625836,-0.987570,2.721620,nan,3.352938,0.755098
2.052685,0.347763,0.102867,2.489143,1.467680,nan,2.811806,2.333446,-0.449516
0.171960,-0.583806,-0.528124,-1.419622,-0.650755,nan,0.428290,-1.364159,1.123826
-0.337325,0.844279,0.755468,0.575043,-2.380484,2.118138,1.827594,0.898573,2.665665
-0.142003,-0.180497,-0.519486,-2.405396,0.269139,-3.828092,1.474685,-2.134496,-0.005914
0.615257,1.455876,0.950733,nan,-1.499739,3.364946,0.362736,nan,0.848807
-1.730672,-1.224881,-0.843252,-2.634017,1.274695,-2.384977,-1.385346,-3.134732,-0.176108
0.164391,0.286039,0.264526,-1.369472,-0.772385,-1.738778,-0.049461,-1.243851,3.383955
-0.390464,1.479642,1.182728,-0.691191,-0.816206,-1.170826,-1.766149,-0.470654,0.972240
1.847825,0.183742,-0.879668,2.550572,-1.329264,nan,0.127623,2.425499,2.614668
-0.174173,-1.415557,-0.584246,-1.090722,0.216137,-1.018726,nan,-0.822489,-0.069030
1.667888,1.734557,1.100699,3.361413,-0.811928,2.074792,0.725766,nan,1.179180
-1.103741,-1.130637,-0.797419,nan,1.913108,-2.039492,-0.792189,-3.012405,-1.590205
0.587259,0.279135,0.119877,1.709083,nan,2.844796,nan,0.094836,nan
0.319400,-0.250443,-0.338085,-1.231211,0.352281,-1.980628,nan,-0.783549,0.117240
-0.869047,-0.246810,-0.370529,nan,-0.651305,-0.307196,-0.310280,1.272026,-0.338339
0.177396,-0.576677,-0.479313,-0.312679,0.039428,nan,0.056582,-1.278291,1.351644
1.212519,0.480301,-0.290020,1.638144,0.108343,2.815438,1.686064,1.004657,-0.418205
-0.323792,0.152975,-0.252950,nan,-0.351314,0.179537,0.018704,1.973389,-1.636757
-1.691963,-1.551798,-1.545233,-3.855084,1.900177,-3.224524,0.676170,-3.740856,nan
-0.017563,-0.498840,-0.573107,-1.155157,-1.478913,nan,-0.725810,-0.477389,0.757407
-0.902423,-0.694380,-0.001291,-3.591216,nan,-2.699081,-0.584071,-4.016380,nan
-0.342341,-1.171341,-1.181700,nan,-0.094952,0.241499,-0.490479,0.503572,0.412630
-0.081588,-0.336587,1.015561,-2.076958,1.357697,-1.218862,nan,-3.130444,-2.204255
-1.705652,-0.769669,0.338804,-4.261432,2.042682,-3.719149,0.295072,-2.896902,-0.825309
-1.615658,-1.087513,0.266852,nan,0.590967,-3.828549,nan,-6.575835,-0.425065
0.482067,0.051070,0.293857,0.348165,0.094628,-1.342500,0.402311,-0.489020,-1.622990
-0.522719,-0.275291,0.863016,-2.791056,-0.025873,nan,0.150349,nan,-0.725300
-2.564744,-1.741393,-1.017192,-3.545085,1.837062,-4.469226,-2.976885,nan,nan
0.784844,0.876166,-0.814889,0.926710,-0.630164,-0.537283,0.768865,nan,-0.960693
0.272370,1.141370,0.608322,-0.188908,nan,-1.643355,2.045047,1.173411,-1.062810
-0.713875,-0.682004,-0.052331,nan,0.520543,-1.584778,-1.179866,-1.723924,2.892036
-1.316830,-0.318776,0.215786,-3.212439,0.407111,-2.406301,-1.341328,-2.516676,nan
0.835808,0.250172,0.087131,1.252416,-1.238757,nan,1.009303,1.853804,-0.341539
0.349351,0.430516,0.900063,1.649050,-1.332705,3.189431,1.857137,nan,0.468214
2.382602,2.287347,1.306126,3.913254,-0.452890,4.769338,nan,4.739475,0.208099
0.420189,0.566156,0.726325,0.542011,nan,0.649171,1.288057,0.334268,-2.085429
0.387703,-1.047539,-1.424123,-0.682946,0.203822,-1.597473,nan,-1.114793,0.148475
-0.166928,0.234333,-0.310152,-0.445674,-1.194999,-0.805302,2.846565,-0.353590,-0.614509
0.816776,1.271393,1.579138,4.919104,nan,4.129290,-0.195794,nan,1.024608
0.625085,0.157425,-0.011135,-1.115676,0.567565,-0.424674,-0.735866,nan,-0.392444
1.251725,1.322807,0.371113,3.452226,-0.797157,2.676646,nan,nan,-1.264865
-0.521323,-0.743742,-0.749294,-1.095422,-0.150425,-0.416500,-1.145069,-0.934512,-0.978016
-0.435407,-1.257581,-1.200004,-1.978312,nan,-3.286045,-0.213629,-2.936594,0.415555
-0.479103,-0.140733,-0.323335,0.228364,1.488922,-0.237194,0.928670,nan,-3.733990
0.790802,-0.834133,-1.546121,2.020018,1.166418,0.742330,-0.149392,2.738593,0.007100
1.498374,0.581348,-0.734645,1.639172,-1.686634,0.680951,nan,nan,1.417485
-0.458840,0.671369,0.577245,-0.440025,0.297441,-0.199443,-0.347715,-0.436166,-1.098736
-0.424774,-1.549221,-1.408408,-2.021104,1.295366,-1.792684,-0.264113,-0.840701,-1.756670
0.314077,-0.738609,-0.131531,nan,-0.823520,0.663065,0.604541,2.672094,nan
-0.245762,-0.845303,-0.455976,-0.611534,3.016049,-0.727976,-1.941459,-2.521751,-2.659723
0.952054,0.431703,0.192405,1.627270,-0.889839,1.952925,0.760773,0.542275,nan
-2.251777,-1.381890,-0.801539,-3.636769,1.563931,-3.301015,-2.644762,-4.630041,-1.618967
-0.826705,0.566043,0.640332,nan,nan,-1.300729,-0.448170,-1.093532,1.435384
-0.782416,0.276836,0.636694,0.452645,nan,1.256861,-1.171312,2.120151,-1.043235
-2.320356,-0.813487,0.403415,-4.748045,0.958015,-4.683632,-1.776766,-5.837295,0.487031
-0.963638,-0.379878,-0.061757,-1.699189,-0.620003,0.074659,1.990936,-2.290215,-0.134240
-0.915156,-0.182317,0.668255,0.986076,0.723981,-0.244473,-1.230661,-0.498783,nan
-0.201105,-0.703940,-0.498826,-1.289018,0.484160,nan,nan,-1.483970,nan
1.112966,1.156530,0.987758,3.481175,-1.503007,nan,1.780315,nan,nan
-0.245061,-0.900961,-0.892177,nan,1.457599,-1.021433,0.530531,-1.438994,-1.217099
-1.030814,0.069357,-0.541564,-0.782740,nan,-0.825692,-1.680058,-2.212699,1.439542
-0.056955,0.801822,0.792724,0.143856,nan,0.613442,-0.414422,0.321365,0.246540
1.049174,0.672192,0.585664,nan,0.907941,3.234645,-1.417210,4.506727,-1.432981
-0.975959,-0.611329,0.091398,nan,nan,-0.316065,-0.270360,-0.981040,-0.454461
-0.910575,-0.175071,0.344209,nan,-1.235560,-1.386305,0.496538,0.587479,1.249295
0.558549,-1.723788,-1.720889,-0.059222,0.184616,0.747628,nan,nan,-0.527404
-0.221536,0.100813,-0.256262,-0.446761,-0.496540,-1.248715,2.125544,-1.697059,1.917191
0.647485,0.244395,0.277134,1.572596,-0.468202,nan,1.359362,nan,0.496090
-0.013647,-0.042263,0.183507,-0.747885,-1.049119,nan,nan,nan,nan
0.701664,0.845405,0.185375,-0.861954,2.205679,-0.747379,nan,-2.039017,-1.352445
-1.035078,-0.569877,0.409334,-3.337457,0.753898,-3.384228,-1.237081,-5.955787,-0.205752
-0.012085,-0.804187,-1.081157,-1.136307,-0.678507,-1.514306,-0.071898,-1.700741,0.417908
-0.210690,-0.204327,-0.392016,1.303236,-0.687528,-0.013812,1.529616,2.551736,-0.203677
-1.215891,-0.560657,0.734455,0.178462,1.668969,0.849626,-1.888752,0.616183,-2.093664
-1.563478,-0.701285,0.342306,nan,1.043293,-3.616567,-0.907801,-5.014712,-1.329881
0.685749,0.456218,-0.019755,nan,-1.867837,-0.482138,1.353989,2.466712,nan
-0.350952,0.552082,0.690642,-0.928055,nan,-1.267541,1.700526,-1.186264,0.817393
-1.022280,-1.271364,-0.633011,-1.913532,1.131254,-2.303264,-2.252678,-3.208254,-1.296689
-0.096179,0.074901,-1.284033,-1.388180,-1.599263,-0.772240,nan,nan,1.476533
1.128019,1.466960,0.381926,2.788216,-0.369038,2.926130,1.464633,nan,nan
-2.280738,-2.354597,-1.224880,-5.394594,1.687937,-4.337432,-1.817553,nan,-1.667387
-1.496639,-0.622567,-0.227367,-3.745666,1.386939,-2.522017,nan,-4.578653,-2.056825
-0.922886,-0.871208,-0.296549,-2.474283,1.397111,-1.991404,-0.279660,-4.339991,-1.173866
1.461179,0.471092,0.503261,0.413531,nan,1.333773,-0.030056,1.066142,-0.538231
0.282587,-0.492072,-0.639201,nan,1.534919,-0.417065,-1.132880,-0.181186,-3.004866
0.767317,0.264973,-0.547044,nan,-2.123130,1.745929,nan,0.999485,3.038905
-1.140161,0.718798,1.079513,0.148033,-1.439890,-1.193999,1.200665,0.158048,-1.353844
-1.119536,-1.444869,-0.983346,-1.561044,-0.203866,-2.652918,nan,-2.426919,0.406870
0.447814,-0.594820,-0.688232,nan,-0.345910,1.897869,0.110758,nan,-0.466688
0.058274,-0.882217,-0.869143,-0.754748,-0.057326,-0.651975,nan,-0.742394,0.092328
0.548739,1.483562,2.143147,2.900597,-1.627073,2.502801,-0.176691,nan,1.607719
-0.187671,-0.417473,-1.398029,0.840573,0.610304,1.428802,0.521809,0.539494,-0.549822
0.278144,0.121125,-0.180710,0.092121,-0.299847,nan,-0.315584,0.621901,-1.321390
0.158119,-0.202889,-0.211591,nan,0.183528,-0.117259,0.172886,-0.815588,-0.754042
0.777767,-0.272212,-0.841671,2.500566,nan,2.706820,1.496316,0.447756,0.081169
0.807008,0.238899,0.398929,nan,-0.225460,1.533518,0.943114,1.083086,0.669046
-1.619872,0.910835,1.621258,-2.674454,-0.073212,-3.331334,2.206630,-2.853647,-0.212219
-2.247269,-0.149185,0.530956,-2.340890,0.796258,-1.629041,-0.573861,-1.801603,-0.351984
1.001745,-0.096184,-0.512808,2.687144,0.720475,2.995838,nan,3.810392,-0.170262
1.187725,1.047164,0.425436,nan,-0.680818,0.744969,0.997752,2.391843,0.865308
-1.020623,-1.092377,-0.620108,-1.616773,-0.239651,-0.014594,0.525848,-0.891377,0.533603
-1.859835,-2.173375,-1.219936,-3.838119,1.482706,nan,-2.823317,-6.097089,-0.548105
0.099035,0.763175,0.486830,nan,-0.280071,2.425709,nan,nan,-0.866948
0.930838,1.277484,0.868960,1.306215,-1.517391,1.286345,1.177978,0.772502,0.444368
1.797595,1.631034,1.142155,4.859019,-0.770579,4.184275,1.497631,nan,0.445283
0.516298,-0.070757,-0.826625,nan,nan,1.755238,0.577929,nan,2.211564
-0.371717,-0.302601,-0.655898,-1.069195,-0.251082,-2.386721,0.144155,-0.967229,-0.586181
-0.893131,0.078271,-0.543703,-1.836180,-3.487010,-2.125791,1.737287,-3.078279,2.007219
0.011451,0.279773,0.653582,-1.009830,-0.245561,0.367942,nan,-1.084934,-1.225232
-0.299265,-0.425179,-0.125202,0.788058,nan,0.687744,0.750479,0.976227,-1.498766
-1.015068,-1.640884,-0.755553,-3.301067,0.426762,-3.251343,nan,-3.232700,-0.459102
2.048756,1.104090,-0.446103,3.449809,-1.329275,2.976772,2.642219,nan,0.636532
1.785168,1.647891,1.675236,5.438882,-0.135458,6.535771,0.066806,nan,-2.048565
1.136049,-0.270287,-0.861470,nan,-0.703578,-0.191359,0.211708,3.453683,-0.238137
-0.920850,-0.013294,0.349723,-1.053604,-0.987066,-0.741910,0.150308,nan,-0.360268
0.855019,0.659589,0.698358,nan,-1.388211,nan,-0.078799,3.042052,-0.896828
0.639626,0.844917,-0.009444,1.200999,-1.725125,-0.013849,0.853435,3.157354,2.064363
0.442546,0.831656,0.259399,-0.292282,-0.270073,1.735854,0.504366,-1.704590,0.754759
1.249665,0.138707,-0.174348,2.547673,nan,1.705061,1.151333,2.469747,-0.115754
0.635371,-0.814186,0.586776,-0.573746,0.230891,0.714991,0.392384,0.847568,0.253883
0.740014,-0.003457,-0.074207,3.293217,-0.772219,1.367001,1.197461,3.324653,0.173711
0.636906,0.940842,1.364783,-0.189318,-0.278059,-1.322414,0.979671,0.029737,0.102144
0.340791,-0.209007,0.333394,nan,1.838063,nan,-2.304416,-0.325502,nan
-1.783611,-1.377636,-0.383020,nan,0.395619,-1.818645,-0.821860,-3.899153,0.665813
0.083621,-1.233135,-1.506192,-1.078820,0.999056,1.130467,0.440067,-1.316290,1.259654
-0.556192,0.948757,1.455740,-0.302830,-0.223272,1.046380,0.686822,-1.991560,nan
-1.279841,-0.061921,-0.414640,nan,-0.645919,-1.416365,0.794549,-2.347611,-0.478949
1.681817,1.379835,1.399761,4.707728,-0.832197,nan,1.053674,nan,0.632279
1.728995,1.541905,0.814828,3.545249,-1.119328,3.149104,1.661601,2.954054,1.825052
1.359221,1.083306,-0.866233,2.605522,-2.914001,2.207788,1.608219,nan,-0.521090
0.255213,-0.043423,-0.281556,0.763845,-0.353406,-1.058675,-2.098077,-0.710226,nan
1.350625,0.560678,0.370329,nan,-1.265710,3.632422,nan,3.283843,0.484085
0.012053,-0.293268,-0.356743,nan,-0.106067,nan,0.944072,-0.786759,0.271189
0.202797,1.945717,1.853237,1.317808,nan,2.337438,0.297423,1.128512,nan
-1.093471,-0.157597,-0.223048,-0.427166,-0.735915,1.628966,-0.250677,-0.262225,2.236242
0.396991,-0.126165,-0.873020,0.675515,nan,nan,nan,3.904328,1.109177
0.060386,0.356041,0.230994,0.307034,-0.712485,-0.715437,1.652401,-0.391747,0.082484
-1.302652,-1.358934,-0.680569,-2.731437,-1.107266,-3.289699,nan,-4.388167,nan
-0.051197,1.027556,0.663212,1.053874,-0.395176,-0.627479,0.949896,-0.612341,-0.352018
-0.079730,-0.502613,0.235474,0.085396,nan,1.324507,-0.361757,-0.119815,-0.043962
1.797561,1.249540,0.035260,nan,0.761965,1.447351,1.921106,nan,-0.632306
0.894213,1.193291,0.842952,1.644679,0.757368,1.987774,0.667738,1.060251,-2.250335
0.011445,0.275061,0.250600,-2.179150,1.707658,-2.421211,-0.648074,-2.704902,-1.875600
0.248787,0.190523,-0.700576,-0.129124,nan,-0.207535,-0.699373,nan,0.935293
0.044212,0.029668,-0.649045,0.070439,-2.540191,-0.820034,nan,0.123600,2.080088
-0.202914,-0.140966,-0.045943,-1.268556,1.876000,-1.710178,-0.946065,-2.469016,-2.254511
-1.082427,-0.944903,0.559406,-1.385006,1.558186,-0.058681,-2.572062,-2.718566,-1.767684
-0.151052,-0.390164,0.022819,nan,2.189095,-0.737842,-1.030270,-1.964302,-2.065316
-0.746098,0.662664,-0.108857,-2.995975,0.465620,-2.584760,0.385710,-4.265372,-0.744630
-1.250316,-0.701133,-1.741056,-1.371526,-0.358061,-0.734959,nan,-3.018797,0.885828
0.511222,-0.294446,-0.022397,0.405333,-0.771561,-0.913128,1.159463,0.258326,0.608748
0.391265,-0.165776,-0.298107,nan,-0.988193,0.741357,1.147016,0.657016,0.158215
-1.786708,-0.123094,1.008170,-4.512838,nan,-4.276421,-0.689009,-4.847243,-1.946211
-0.122685,0.411582,-0.074288,-0.321581,-0.428146,-0.242460,1.127538,1.501880,1.243770
0.995701,0.890081,0.588461,nan,-0.572787,1.785184,nan,1.458730,nan
1.059224,0.349347,0.384797,1.851163,0.229637,nan,nan,nan,-0.330234
1.025837,0.914272,0.199935,2.921339,0.682361,1.592823,-0.227023,5.070597,-2.128153
0.038913,-0.431036,-0.569546,-0.783389,1.805228,-0.891519,nan,-0.759240,-0.974662
-0.845045,-0.604252,-0.217257,nan,-1.230888,-3.111052,-0.705830,-3.303301,0.730229
-1.083699,0.137014,0.706059,0.169041,0.900324,0.266513,-1.026829,-0.638124,nan
0.344605,0.784297,0.516889,0.775171,0.605491,1.875430,-2.108003,0.612521,-0.279997
0.379280,-0.497697,-0.024943,1.786893,0.618811,3.573526,-0.764921,nan,-0.780825
1.287331,0.044797,-0.581329,0.208541,nan,0.118625,nan,0.784514,-0.629732
1.099980,0.626081,-0.493326,nan,-1.695105,nan,0.085214,2.185902,nan
-0.132229,1.142178,1.941899,1.632143,nan,2.695803,-0.698344,1.291129,-2.803711
-1.244206,-1.962999,-1.499454,-2.127432,0.621145,-2.162364,0.039520,-2.940443,-2.722317
-0.319107,0.035280,-0.160265,1.086710,-0.865024,1.247229,1.795996,nan,2.321342
0.217231,-0.854615,-0.781763,nan,-0.267794,0.202289,0.700604,nan,1.102344
-0.202083,-0.545073,-0.341843,-0.422613,0.702038,0.225414,-2.145784,0.197570,-0.038502
-0.577894,-0.544047,-0.455211,-3.496989,-0.155429,-4.372580,-0.259919,nan,-0.938849
0.252885,-0.167913,-0.218913,-1.102395,-0.072057,-0.579241,1.377557,-0.290307,1.482095
-0.503958,-0.625636,-0.369203,nan,0.120514,-1.638481,-0.762324,0.188603,nan
-0.628066,-0.308988,0.028639,-1.712553,-0.128101,-0.554308,0.455937,-2.513294,0.085011
0.311453,-0.218952,-1.447342,1.225742,-2.045739,2.379986,nan,0.195316,1.498071
-0.401993,-1.224716,0.081263,nan,0.018939,-0.673975,-1.908896,-1.603773,-0.004060
0.244104,0.667961,0.387493,1.261604,nan,-1.191413,nan,1.209299,-0.280824
0.273204,0.663613,0.739240,-0.094818,-0.479302,0.931442,-0.639848,-1.143276,nan
-1.139429,0.020508,-0.330816,nan,-1.524383,-2.644430,0.299201,-3.416563,-0.690252
-0.481241,-1.319135,-1.146436,nan,-0.165561,0.628108,0.595843,nan,-0.181608
1.437777,0.928131,-0.024986,3.204140,-0.543778,nan,0.677500,3.789591,0.417359
-1.162080,-0.107855,0.997202,-1.776065,1.415770,0.027855,-0.107826,-3.175556,-2.524128
-2.116654,-1.780169,-1.082045,nan,-0.739291,nan,-1.740025,-3.039183,0.012426
-1.861845,-0.924501,0.197992,-2.343376,1.633301,-3.256617,-2.296214,-4.301828,-1.346335
0.029110,-0.066832,-0.387409,nan,-2.120037,0.936018,1.006129,1.854126,0.469115
0.030917,1.304964,0.808387,0.381352,-1.268138,-0.334229,1.675716,nan,-1.665045
-0.117611,1.288342,0.943182,-0.269693,0.329111,1.641839,-0.853116,-0.218874,-2.152945
1.214190,-0.557955,-0.168698,nan,nan,2.239685,1.374068,nan,2.556755
-2.672834,0.409332,0.184389,-3.439246,nan,-3.489131,-2.450877,-4.996393,-1.012751
0.395934,-0.442691,-1.130765,-0.946682,-0.338686,-0.012171,nan,-3.603564,nan
1.561438,1.467190,-0.268332,0.857659,0.203088,0.075237,2.581694,nan,-1.491748
-1.127781,0.115458,-0.113050,-1.215532,1.388231,0.077563,-1.102730,nan,-2.075909
-0.379807,-0.886886,-1.001367,0.230090,nan,-0.401525,0.035491,0.882835,-2.110559
-0.752892,-0.031159,-0.606300,-1.007529,-0.692029,-0.020634,nan,-0.247290,-0.376127
-0.894346,-0.522447,-0.516727,-1.850253,1.400516,-2.318296,0.393701,-1.928330,-3.160470
-0.326262,0.224900,-0.729559,-0.181454,-0.438340,-1.900556,0.516977,-0.029869,0.674480
1.427485,0.875213,-0.237069,nan,-0.294257,0.887773,3.301624,nan,0.250254
1.837387,1.756131,1.453899,nan,-0.074271,nan,1.384797,2.890199,1.089497
-0.335939,-0.115190,0.210424,-0.275281,0.568929,-0.234825,-0.104083,-0.807303,-0.156742
1.905060,0.835018,0.190230,nan,-1.769919,nan,nan,4.971078,0.739796
0.035576,0.785033,0.115964,nan,nan,0.619379,0.286349,3.605921,-0.445054
1.753691,1.283123,-0.267652,3.141388,-2.104469,nan,1.858090,2.338774,2.765306
-0.093299,0.465620,-0.169092,0.861965,0.842424,1.546664,-0.515351,nan,-2.752675
0.131058,-0.399682,-0.380668,0.619922,-0.434021,nan,2.231115,nan,0.522784
0.365474,-0.548947,-0.114711,-0.740772,0.586753,-2.222343,-0.044017,-1.900708,nan
3.178854,1.192021,0.451145,6.682120,0.708836,7.990298,0.939124,nan,-0.625113
0.851286,-0.008932,0.052775,2.110140,0.472401,0.177186,-0.185074,nan,0.979282
-0.707265,0.196707,0.000767,-0.604371,-1.019698,-0.458665,0.682116,-1.033092,1.083608
0.968998,1.167688,0.655726,2.522505,0.342406,3.785105,-0.029015,0.886096,-0.149296
-0.361833,-0.289507,-0.283727,-0.445037,0.003021,-0.787244,0.504004,-1.486356,-2.429937
-0.489750,0.756768,0.651745,nan,0.500957,-0.705371,-0.530539,-0.976218,-0.068874
0.908601,1.412229,1.875767,nan,-0.334719,2.092431,nan,1.940373,1.516020
0.031086,0.185922,-0.741588,0.196228,nan,0.056928,-0.522885,-0.393311,0.099768
0.278576,-0.436036,-0.549740,1.344658,1.558953,nan,nan,2.432781,-1.531904
0.013985,1.109756,1.489484,nan,0.079303,0.597261,-0.848250,1.025559,1.620828
0.336583,0.125579,-0.733457,-0.182138,1.546471,-1.266311,0.153403,-0.312223,-2.264213
0.424966,0.300799,-0.208725,nan,0.850572,0.746461,nan,-0.310965,-1.740996
-1.936967,-1.206207,-0.648395,-2.448342,1.305796,-0.827461,-1.700752,-4.183572,-1.008062
0.666573,-0.289567,-0.543270,nan,-0.038918,-0.913352,0.711905,nan,-0.448947
-0.982019,-1.519057,-1.718619,nan,-0.409956,-3.730012,0.747320,-1.975972,nan
-1.442299,-0.278142,0.507819,nan,1.367406,-2.695334,-1.019019,-4.051875,0.120200
-0.058411,-0.577586,-0.111402,2.187198,0.525456,2.042347,-2.270588,2.503871,0.722154
0.083981,2.183662,1.975923,nan,-0.253828,2.605792,-0.569098,nan,-0.024896
-0.693506,-1.107005,-1.112739,-2.209172,1.407608,-1.597257,-1.689731,-3.237003,-0.487302
0.831032,-0.464652,-0.577776,0.557675,-0.424937,-0.148183,0.038866,0.326360,0.506665
-1.342175,-0.313990,-0.298260,-0.987686,0.655460,0.538008,-0.703048,-0.891546,-2.115547
-0.406944,0.867048,0.649423,-0.452739,-2.366839,-0.087442,1.546562,-0.866772,nan
-0.584874,-0.247224,1.054417,-2.065660,2.371978,-0.562204,nan,-2.318807,-3.286910
-0.046587,0.377276,0.363645,0.038109,-1.356408,-0.678425,nan,-0.871721,1.184949
0.278864,-1.151051,-1.598263,nan,-0.220149,1.304152,1.117221,nan,-0.475202
-1.007893,-0.978205,-0.390028,-0.741825,0.994437,nan,nan,-1.601270,-1.755502
0.724283,-0.389390,-1.204695,nan,-0.204669,4.086388,1.712395,1.707355,-0.186982
0.063002,-1.295031,-1.654431,-1.219011,0.423107,-2.053638,nan,nan,-0.487467
-1.891946,-0.864087,-0.644247,-4.703113,0.880113,-3.195463,-2.196291,-5.618170,-2.284315
-1.958591,-2.549275,-1.673997,-4.584869,3.283472,-3.077888,-0.667662,-5.236845,-2.506431
-0.012319,-0.931697,-0.273177,-0.893147,2.052783,-0.162529,0.737121,nan,-2.509199
-0.220967,-0.486519,-0.033726,-0.565125,1.145286,-0.812763,-0.513035,-0.318181,0.702243
-0.103420,-0.633610,-0.214364,0.452896,-1.405749,nan,nan,-1.113262,1.993411
-0.027982,0.263495,-0.330272,-0.466106,-1.059234,-0.218952,nan,0.008518,0.834409
0.225560,0.326686,-0.076976,nan,1.243662,0.295347,nan,-2.405666,-1.946290
0.947650,1.099484,0.731293,0.880613,nan,2.384118,0.908683,2.101186,nan
-1.111105,-0.028884,-0.003936,-0.947269,-0.490168,-0.056402,nan,-0.872167,-0.984154
-1.171972,0.212583,0.382475,-1.237854,-0.600243,-2.044321,-1.106141,-0.387758,0.455485
-1.093324,-0.548005,0.110273,nan,2.729386,-2.526318,-1.250935,-0.790188,-2.118749
0.288917,0.356885,0.024447,nan,nan,-0.464994,-0.207606,-0.787865,-0.152513
1.244947,0.980533,0.523972,1.881045,-0.473485,1.622763,2.018790,nan,-0.057681
-0.431339,-0.116510,0.832558,0.585304,0.106048,1.309815,-0.836621,-0.489392,2.728754
-2.501700,-1.528886,-0.558528,-4.111138,-0.497915,-3.389917,0.208297,nan,0.178327
-1.703993,-1.084706,0.233102,-1.915991,1.305590,nan,-2.041038,-2.669209,0.459735
-0.833037,-0.988809,-0.261451,-0.778275,-0.016892,-1.333428,-1.185484,-0.409363,-1.085455
-0.557729,0.016267,-0.553288,-0.092373,-1.445797,-0.597854,0.817172,2.146680,-0.245527
-0.408389,-0.270005,-0.644556,-1.358525,-0.428710,-2.364982,1.734826,-3.354956,-1.548191
0.038581,-0.444931,-0.784317,-0.277913,-0.940542,-1.075540,0.942558,0.605715,nan
-0.311746,-0.619445,-0.829449,-0.459341,-0.449966,-0.521170,nan,-1.060463,-0.018085
1.049340,-0.322609,-0.618034,3.762182,-1.166625,2.337920,0.427792,4.754627,1.229899
-0.676017,0.347180,0.787871,-0.098392,-0.091342,0.405815,1.597876,-0.844997,0.444022
-0.862318,-0.376127,0.585373,-1.575557,nan,-0.607347,-1.843584,-2.593618,-1.060380
0.478876,-0.364522,-0.281193,0.722364,-0.295373,1.032282,0.500995,0.121655,0.112514
-1.535642,-0.201838,0.076383,nan,1.097549,-1.457100,0.902196,-2.113112,nan
0.389692,-0.197468,-1.316003,nan,-1.102874,-0.588256,-0.371616,0.890403,-0.098882
0.102553,-0.933274,-0.742090,0.420691,1.440706,-0.940139,nan,-0.157327,-0.658020
-0.147442,0.641134,0.570025,nan,0.006627,1.946169,-0.870149,0.454958,-0.166654
1.588276,0.418170,-0.050482,5.055875,-1.292753,4.302587,1.737902,nan,-0.440409
-0.622207,-0.597333,0.761916,nan,2.465959,1.194284,nan,-1.512714,-2.421293
2.060298,1.058975,0.849389,3.936603,-0.191322,2.603456,nan,4.278338,0.836239
-0.225431,0.687097,1.009837,-0.608499,1.571538,-0.241546,0.561126,-0.557823,-1.571743
-1.277016,-0.624482,-0.597519,-3.429987,1.679035,-4.392972,-0.740934,-3.685673,-1.421591
0.069920,-0.804422,-0.921011,0.703101,-0.468831,0.605455,nan,0.814148,-0.351972
-1.076245,-0.157409,0.149524,-0.457906,0.928435,-1.330455,-1.393068,0.271931,-1.924468
-0.751756,-0.715371,-0.734473,nan,-0.546391,-1.191531,-1.417639,0.141683,2.081218
0.397033,1.520063,1.347173,nan,-1.012771,1.517353,1.946126,3.273583,-0.776689
0.555582,0.277007,0.233386,1.006888,nan,0.398205,nan,4.083587,nan
-0.622168,-1.875609,-1.857991,-1.933536,2.212490,-2.177508,nan,-2.543330,-1.610000
0.987405,0.743858,0.897273,2.695562,1.490307,1.638073,-0.106371,nan,-2.246859
1.157508,1.939972,1.255881,0.659239,0.552827,1.456369,1.977063,-0.506601,-0.317050
1.436302,1.821295,0.161610,1.335578,-2.958667,1.746048,nan,2.656378,1.916796
0.529413,1.546375,1.052604,-0.902230,-0.091369,-0.172055,1.228352,-2.081662,0.510072
1.363429,-0.032118,-0.294120,1.594480,-0.551285,nan,1.915098,2.732987,0.916499
-1.880798,-0.301893,0.809122,nan,0.325788,-2.718287,0.029376,-5.533510,nan
-0.317907,-0.664349,-0.604846,nan,0.065798,2.190106,-0.190985,-0.455383,-1.088873
-0.867005,-0.276500,0.452871,-1.388806,0.875163,0.216145,nan,-2.567441,-2.114611
0.119226,-0.831454,-0.607360,0.299134,0.477490,nan,-1.765006,-0.212876,-1.943731
-0.571449,-0.736844,-1.075567,-1.340115,-1.149177,nan,1.101542,-2.358403,1.354161
-0.166158,-0.556452,-1.102897,-1.013862,-0.623140,-2.529015,nan,-1.660522,1.244592
1.882175,1.570076,1.252688,nan,0.182533,nan,-0.315999,5.093791,-0.519919
-0.169720,0.475643,1.029423,0.239747,1.875090,1.163397,-0.565312,-1.098864,-2.061887
0.413792,0.400670,0.357853,0.791677,0.435577,2.400624,0.833265,0.071397,1.067763
-0.232269,-1.061430,-0.031610,-1.934265,0.551057,-0.121798,-0.095062,-1.873462,-1.433643
0.075713,-0.180291,0.361358,-0.533500,2.321987,-0.696167,-2.798316,0.913178,-4.549424
0.006017,-0.519273,-0.075409,-1.318176,1.370208,-0.935264,1.054378,-2.249991,nan
0.448324,0.832935,0.076195,0.239832,-0.986052,-0.681587,0.406481,-0.100337,0.801677
1.165308,1.407383,1.642029,3.696796,-1.405490,2.922951,1.481456,3.567961,1.129001
1.647394,1.563167,1.024466,3.629513,-2.679833,4.476303,nan,2.704902,0.104423
0.309620,-0.373844,-0.584880,0.805276,1.583087,0.450206,-2.094722,nan,-0.661091
0.589547,-1.622900,-1.809319,-0.874845,1.162198,-1.803959,-0.755616,-0.772492,-0.575951
-1.150865,-1.812306,-0.976193,-3.205170,0.748589,-2.979860,nan,-4.250234,-1.028420
-0.087877,0.951201,-0.048206,1.566415,-0.599253,-0.016230,0.170343,1.468729,0.286491
0.940289,0.189266,0.219163,0.823641,-1.080314,1.979528,0.591010,0.982925,1.581893
0.865969,-0.092523,-0.810594,nan,0.599782,1.353158,nan,nan,0.806196
0.211610,1.255667,1.126355,1.613494,-1.235989,2.704866,1.228138,1.313169,nan
0.886394,1.328809,0.536319,3.171971,-1.852340,nan,2.673012,5.448398,2.241651
0.490767,0.262497,-0.069441,2.103099,0.969383,1.485083,0.370071,1.639703,-1.676231
1.200306,0.394771,-0.422730,2.220834,-1.532908,1.543066,nan,nan,1.972161
0.289359,0.052209,-0.125655,nan,-0.199146,2.032640,0.680181,nan,-0.574383
-0.355698,-0.018835,1.036331,-0.180649,2.001827,-1.213793,-0.095337,-2.527781,-1.401959
0.335841,1.287954,1.622140,1.661578,0.239905,1.959285,2.219594,2.551503,-0.599244
-2.930594,-1.169570,0.120762,-5.196307,2.480809,-4.379572,-2.548077,-6.851829,-1.459453
0.382886,0.699663,0.432218,0.693664,-1.408612,1.251016,1.748439,-0.652868,-0.264241
-3.648413,-1.005717,0.712051,-5.210419,1.516302,-4.538288,-2.269505,-6.578826,-2.217133
-1.723463,-1.680505,-0.262380,-1.457639,2.304929,-2.126305,-1.071468,-2.718172,-2.642074
0.451769,0.754288,0.052990,-0.618169,-0.369283,-0.144571,-0.577331,-0.104145,0.746790
0.477529,0.032567,-0.155925,0.775662,-0.028970,1.062430,1.216096,1.111162,1.722154
-1.162429,-2.342481,-2.436235,-4.492128,0.056748,-4.479076,-0.707775,-6.273942,-1.055056
-0.712102,-1.845770,-0.701434,nan,1.046333,-0.908793,-0.892298,-2.334804,-2.633687
1.370541,-0.027412,0.599420,1.735869,0.075008,2.328300,nan,2.362637,1.168898
-0.484030,0.129841,0.289123,1.379557,0.777110,1.903392,0.518888,2.489457,0.233666
2.242920,1.201120,-0.774485,4.508888,nan,3.556067,0.504092,4.567675,2.075674
-0.001920,0.128097,0.407499,nan,0.156227,0.271409,-0.676765,nan,0.252913
0.408036,1.569679,0.681287,2.960117,-0.599864,3.975242,0.547219,nan,0.409593
1.616874,-0.079926,-0.880677,0.844488,-0.828380,-0.653610,0.975256,0.566817,nan
0.131027,0.046310,0.311028,0.917381,0.909926,0.439609,-0.829187,1.532514,nan
-1.002344,-0.288067,0.197527,0.171348,-0.194368,0.150430,-0.203526,0.407674,-0.048498
-0.109727,-0.570255,-0.667340,nan,0.952642,-0.432408,nan,1.616872,-1.887632
-0.035611,0.002023,-0.312501,0.678926,nan,0.470295,1.096273,-0.499946,-1.347238
-1.364742,-1.802335,-0.969528,nan,0.427351,-2.522429,nan,nan,1.202117
-0.255832,0.859018,0.559231,-0.066225,-1.037590,-2.001636,0.193004,0.038775,1.119973
-0.742192,-0.848226,-1.010542,-1.225216,-1.500616,-1.965007,1.563690,-2.595609,2.090301
0.924358,1.884159,1.063738,0.855092,-0.750969,-1.388902,2.250710,nan,0.567016
0.034612,-0.005426,0.155072,nan,2.260381,2.286110,-0.209082,-0.569010,0.084119
-0.282796,0.578240,0.458379,-0.794143,nan,-0.958854,-1.333181,-0.640534,1.914535
-0.106182,-0.090403,-0.747222,0.676026,-0.553458,-0.915374,-0.275578,-0.710890,0.218075
0.223122,0.090040,0.499628,0.091326,-1.487774,-2.195153,nan,nan,0.936221
0.616814,-0.100413,-1.634781,nan,nan,1.229070,1.464077,-1.357682,nan
-0.999712,-0.416469,-0.256444,-1.888350,1.113573,-1.258716,0.343604,-0.364247,-0.285346
-1.041588,-0.298195,-0.236179,-2.489526,1.214203,-4.054146,-2.356272,-2.619027,nan
1.104679,0.003359,-0.254627,nan,0.711644,1.241859,nan,2.849428,1.096871
-0.412337,-0.293700,0.169572,-0.990718,1.676259,-0.729796,nan,0.504941,-1.449008
-1.416842,-1.135490,0.080043,-3.704418,0.968517,-3.120305,-1.304547,-5.727151,0.243203
0.443813,1.831671,0.975991,1.152995,-1.480194,1.274802,1.857831,0.221577,-0.487869
0.463370,0.168873,0.289379,nan,1.975824,nan,nan,nan,-2.273089
-1.530715,0.316305,0.810168,-1.710706,-0.435900,-1.220418,-1.600605,-0.173500,nan
0.229482,-0.022195,-0.942370,0.562053,-0.809690,-1.165397,nan,-0.340118,-0.656540
0.735583,0.549293,1.169030,0.935524,nan,2.160723,-0.369800,-0.299290,-1.283497
0.374386,-0.737762,-1.421913,0.494239,nan,0.090495,0.943376,nan,1.682130
0.631981,0.003040,0.022586,3.210823,-0.203507,2.210354,1.598956,4.660117,1.151583
-1.404269,-0.554760,0.172452,-2.636305,nan,-2.059783,-1.425825,-4.887126,-0.483257
0.331040,1.275723,1.059085,-1.671335,-0.134701,-0.794096,nan,-1.299367,nan
-0.302620,0.004078,-0.153240,-1.581198,-0.281687,-2.597948,-0.983177,-2.248476,0.535357
-0.482790,0.727209,1.140231,-1.003474,1.278699,-0.917342,-1.239448,-2.206154,-1.571629
0.870556,0.883788,-0.334320,2.942427,-1.419546,2.205979,-0.109199,nan,1.823024
1.479275,1.878818,1.026358,4.393667,-1.202330,4.053699,0.649284,5.498036,-0.231848
1.794370,0.855855,-0.135564,2.638548,nan,3.889306,0.535985,3.374830,nan
1.314808,2.330560,1.131357,nan,-2.952282,2.781153,2.246519,3.727293,nan
-0.109734,-0.394644,-0.068421,nan,-0.339005,-0.073826,nan,-0.933164,-1.699008
0.352720,-0.360163,0.144793,-0.897727,1.180368,-0.323498,-1.058432,-1.653940,-1.605473
0.766823,-0.463626,-0.772575,1.008849,0.204592,nan,-0.920063,nan,0.044008
0.121178,1.692306,1.707832,nan,-0.235268,1.779879,2.349833,nan,0.555149
0.130764,0.638995,0.496837,-0.547624,0.177913,-0.934808,0.043350,0.211049,-1.055817
0.823753,0.177992,-0.551098,1.563741,-1.735529,3.011444,-0.013405,2.596661,1.609980
-0.059283,0.844675,0.564548,1.466463,-0.184096,2.745126,1.193001,2.205648,-0.199925
-0.729287,0.116741,0.162436,-2.747666,-0.609962,-2.061414,-1.240617,nan,-0.231504
-0.414473,1.169053,0.711254,0.156104,-0.189911,0.193313,0.605057,-0.978921,1.059512
0.633910,-0.766528,-0.589154,1.357402,1.945440,0.660116,nan,nan,-2.781380
0.002993,-0.184255,-0.030979,0.944344,-1.081332,1.211397,-0.034856,-0.393576,1.900576
0.340210,-0.153660,-1.020316,-0.677542,0.919586,-2.593177,1.208969,nan,-0.488964
0.670079,-1.046538,-1.864017,0.095456,-1.058056,-0.604453,nan,-0.258347,2.095604
-0.374841,0.554808,0.768641,nan,0.587901,-0.402300,-0.937738,-0.491754,-0.428630
0.756248,0.188846,-0.483440,2.290065,-1.540834,1.767813,1.464680,nan,0.968933
0.378843,0.707163,0.603098,2.891645,-0.542833,2.500395,-0.281272,3.577304,1.722753
-1.234813,1.034434,1.588457,-1.105315,-0.902946,-1.285502,-0.443756,-2.049579,-0.380564
1.442305,0.473882,-0.689062,3.687468,0.243322,3.366046,nan,3.530473,-1.225207
-0.500745,-0.545179,-0.991689,nan,1.813645,0.425883,nan,-2.390812,-2.221211
-1.655095,-0.744483,0.738158,-3.204667,nan,-2.031151,-1.327920,-3.694564,-1.004270
-1.045044,0.168551,0.624140,-0.396577,0.001344,0.023592,-0.582540,0.998965,-0.929073
-1.021045,-0.907222,-0.629084,nan,nan,-0.199812,-0.764698,0.144272,-0.656932
0.052173,-0.415586,-0.815091,1.755984,-1.024851,nan,nan,1.357344,nan
-0.273851,0.603107,0.309421,-0.824183,-1.642972,-1.707559,1.188144,-1.220896,0.222548
-0.336832,0.096632,-0.416931,-1.458021,0.280450,-2.024336,-1.284001,-1.388071,-1.514092
0.619702,-1.121459,-0.641372,2.044816,0.631673,1.554054,nan,nan,-1.134228
0.339875,-0.687837,-1.040607,-1.955551,1.167650,-1.118858,-1.662763,-1.407998,nan
0.316048,1.208889,1.419064,0.869292,-0.062710,1.413178,0.939871,0.126004,0.386698
0.409828,0.486264,0.065748,nan,-2.158072,0.283005,nan,1.198990,nan
0.616135,-0.225470,-0.886891,2.221945,1.485078,-1.273814,-0.895940,nan,-1.552366
-2.107953,-1.173263,-0.519376,-3.608203,0.404025,-2.557545,-1.384475,-2.949733,0.031609
-0.364438,-0.172953,-1.341115,nan,-0.259669,-0.003505,nan,0.414902,1.334715
-2.180210,-0.575092,0.133605,-3.376222,0.743447,-1.417459,-0.787217,-4.158883,-1.480408
0.036060,-0.932754,-0.842081,-0.666779,-1.006241,0.817678,nan,-0.900412,1.908885
-0.004633,-0.590981,-0.059023,0.284672,nan,-0.673857,0.866491,1.110093,0.887430
1.045532,0.713835,-0.685744,nan,-0.037134,0.651451,0.196825,nan,nan
1.187634,0.523933,0.643789,1.002256,0.583527,nan,nan,2.022455,-0.666049
0.202775,0.501689,0.750818,nan,1.961091,-0.616567,nan,0.594287,-0.462025
-0.500361,-1.110836,-0.112538,-1.499956,1.200697,-0.428029,nan,-3.173702,1.038651
0.485161,0.492571,0.222147,0.245123,-0.126839,nan,1.377295,-2.012737,1.317405
-0.527918,0.500150,1.065443,nan,-0.039100,0.768767,-1.024324,-0.825604,-0.003480
-0.001393,0.340077,-0.463143,2.381410,-2.313156,0.563608,1.052804,4.206414,1.554545
0.986136,0.590446,0.533040,1.504498,0.568328,1.204086,0.106660,0.972304,1.156884
-0.557771,-0.346004,-0.495053,-0.105169,-0.265086,-0.700733,-0.228230,0.557337,-0.231331
0.805679,-0.181556,-1.212650,0.815647,nan,-0.852303,0.194302,0.512446,-0.264418
0.677401,0.288302,-0.534649,2.330998,nan,-0.093317,0.508045,nan,nan
-0.954792,0.404398,0.612722,-2.380151,1.383138,-0.783164,-0.787648,-2.142605,-0.940849
0.973894,0.403627,-0.381416,2.564469,-0.864881,1.052281,1.462872,nan,2.537551
0.698566,-0.273580,-0.240397,1.266543,-0.585005,-0.020861,0.219090,1.180000,nan
0.101926,-0.293610,-1.169585,0.421131,-0.638204,nan,0.029068,0.042078,0.238671
-0.762323,-0.240567,-1.027305,-2.527078,1.317599,nan,-1.787517,-2.488914,-0.547998
-0.859206,-0.691063,0.391105,-2.098582,1.312698,nan,-0.255167,-2.851307,1.702324
-0.537663,0.070881,0.669904,0.593305,0.593594,-0.427155,1.028364,0.806185,-0.169214
0.542594,0.637288,-0.177596,-0.396683,-1.080020,1.727753,1.123349,-0.181145,-0.125332
-0.955625,0.144476,0.400768,-1.768661,-0.122758,nan,-0.892982,-3.635808,-0.321858
0.437512,1.215248,1.350698,1.719728,-1.186801,3.495648,nan,0.910469,0.618904
-1.241756,0.076223,0.643106,0.142436,-0.103974,-1.228877,-1.268325,1.122403,-0.823278
-0.204069,-0.756002,-0.469469,0.524590,0.539963,0.081588,nan,0.504350,-1.245284
0.109648,-0.577650,0.052563,1.247132,nan,0.016575,-1.228645,2.170538,-1.286988
2.445130,1.169525,-0.163275,3.785396,-1.492505,nan,nan,4.247248,-0.477814
-1.377316,-1.004481,-0.374801,-2.376936,-0.486325,-1.496492,-0.527675,-4.764182,nan
1.472015,-0.060821,-0.499186,1.432652,-1.208125,1.624161,1.859087,3.770712,-0.757616
0.149842,-0.234263,-0.368744,-0.201727,nan,0.183395,1.478036,0.098475,-2.126742
0.411172,-0.126573,-0.419513,nan,-0.213957,2.598305,-0.608415,0.956049,-0.733608
0.118348,-0.411119,-0.327966,nan,nan,0.670279,0.619301,-0.647030,-2.103967
0.444727,0.001311,-0.115166,1.983550,1.280417,0.588274,-1.249162,nan,-0.748216
-0.153685,0.748073,0.120350,nan,nan,0.595240,0.191268,0.383426,-1.223689
1.454050,0.866492,0.657876,2.245210,-0.556667,nan,-0.382050,1.286108,nan
-0.456471,1.502031,0.850373,-0.819397,nan,0.321660,nan,nan,1.490165
1.132235,0.685473,0.099591,3.293948,-1.366581,3.508159,nan,nan,0.391712
-0.644367,-0.525230,-0.374514,-0.580386,1.860628,1.161851,-0.806608,-2.343023,-0.987735
-0.060252,-0.027233,0.175341,-0.403525,1.342568,0.814009,nan,-0.212472,-1.725940
-1.071963,-0.356437,-1.023113,nan,nan,-1.134328,0.596882,-3.189781,0.439952
0.455024,0.532190,0.734699,nan,-0.035829,1.903193,-0.349229,nan,-1.255839
1.445126,2.176261,0.968976,nan,-0.056889,1.026942,1.242909,3.630149,0.730089
-0.077356,-0.630402,0.128867,nan,0.353642,1.402122,-1.330557,0.296493,-1.256664
-0.196886,0.502889,0.222295,-0.039765,-0.777881,-0.822838,nan,nan,0.276499
-1.114617,-0.411883,-0.019543,-0.472618,nan,-1.019998,-1.481901,nan,0.305753
-0.229293,-1.214415,0.054149,nan,0.672834,-1.269207,-0.710480,-0.746136,-0.192614
-1.592794,-0.256908,0.133643,-0.943650,2.547435,nan,-1.514237,nan,-2.436768
-0.912878,0.430897,1.238006,-0.364217,0.921833,0.276162,-0.123963,nan,-0.164980
0.226786,-0.486630,-0.437818,-1.258779,-0.299831,0.005587,nan,nan,nan
1.319013,0.653253,0.334608,1.999557,-3.155046,2.635662,2.479314,nan,nan
2.809211,0.196857,-0.650298,nan,0.102118,nan,nan,nan,0.934954
-0.586585,-1.174457,-0.339664,-1.198378,nan,-1.080222,-0.110650,-0.573245,-1.661496
1.435300,1.451271,0.387661,nan,-0.770669,3.385947,0.993212,2.151751,0.868802
0.243752,-0.204615,-0.728842,0.346915,-0.022773,-0.006848,-0.419260,0.613926,-0.030993
-0.151248,-0.851786,-0.955343,0.492015,0.642138,0.727733,0.798918,0.885076,-0.212251
0.432594,0.376919,0.221612,1.209513,nan,-0.453976,0.938193,nan,2.179683
0.061916,-0.334730,-0.396769,-0.269194,-0.658570,-1.833379,0.177378,-1.601236,1.232636
0.110396,-0.274377,0.102517,-1.666822,nan,-1.508501,1.286135,nan,-1.609939
-0.408333,0.313362,1.025555,1.219875,1.113418,1.815238,-0.831195,nan,-0.498129
-1.398110,-1.512268,-1.278301,-3.783198,2.002734,-2.617465,-1.577427,-3.181564,-2.285113
-1.543625,-1.405568,-1.028341,nan,-0.130839,-4.994271,-2.317012,-1.618201,-0.622476
0.653245,0.434478,-0.566510,-0.354744,-2.245866,0.502316,nan,-1.327168,nan
-0.276700,0.540237,1.530386,-0.700807,-0.909120,-1.137731,-0.544776,0.120997,0.849959
-0.596089,0.568668,0.786096,nan,0.182127,0.420381,-0.390975,-2.300551,1.360130
0.008506,-0.461290,-0.131683,0.635261,1.445147,1.682888,nan,0.121859,-0.757950
0.794932,1.053630,-0.065680,1.138393,-1.603645,-0.025956,-1.387985,nan,1.424123
0.180364,-0.458718,-0.421668,0.606554,-0.471145,1.049225,-0.959377,2.706523,0.026604
-0.656055,0.950319,1.211696,1.232232,0.854066,1.594747,-0.095081,0.908692,0.108820
1.226293,-0.180493,-0.638661,nan,-0.277050,-0.511075,nan,2.475522,-1.102247
1.579186,1.719528,1.439719,2.338125,-0.826097,1.849112,-0.107858,3.728523,0.047182
0.494557,-0.212262,0.837739,0.319177,0.389965,nan,1.474225,0.703643,2.050020
0.973664,1.896104,0.751253,1.400299,-1.190975,1.202374,-0.474540,0.062734,0.001731
1.241960,1.034905,-0.055708,3.218419,-1.377132,3.027175,1.285951,2.898772,0.545787
1.130099,-0.146162,-0.894837,2.318389,nan,1.609233,-0.923338,2.626373,-0.171684
0.614099,-0.058517,0.572056,1.194769,-0.263183,2.149302,0.180861,-0.029570,1.757995
0.598347,0.846000,1.018474,nan,0.214952,1.187620,-0.615126,0.243325,0.631497
0.519661,0.996681,0.573683,-0.920509,-1.331071,-0.037277,nan,-0.828687,1.771667
-1.097338,-0.598170,-0.131055,nan,-0.772641,-2.533480,0.666799,-3.579182,0.908622
0.700723,0.381622,-0.313191,nan,0.137858,0.097206,-0.423501,0.355926,-1.679804
-1.355814,-0.147060,0.734110,-3.086796,0.609076,-2.420297,0.785588,-3.417752,-1.356917
-0.794599,-0.305041,-0.195604,-2.242637,-0.516826,-3.986002,0.651829,-2.217105,0.775327
1.303565,-0.253671,-0.724044,1.449275,-1.460257,2.396617,1.851202,3.375969,0.292410
0.840220,-0.148972,-0.066849,1.970091,-0.318391,-0.328889,0.021592,2.650891,0.738569
1.487398,0.908283,0.186410,0.593015,0.432640,1.660481,0.968905,nan,-0.910500
-0.271674,0.715000,0.536020,-0.549123,-0.048803,-1.414565,-1.729567,-0.158945,-0.436803
-1.152249,0.555063,0.795013,-0.552818,1.134549,-1.756829,-1.875177,-1.777226,-0.770190
-0.240437,0.425452,0.810170,-2.328336,0.853416,-1.253302,0.053204,-4.755534,1.413429
0.102031,0.252119,0.994332,0.117704,1.765420,1.173092,-0.789579,0.008857,-0.611934
0.078989,0.563664,0.719978,0.431595,0.193171,0.423483,nan,1.103930,-1.347600
1.133680,0.100115,0.141645,nan,nan,1.474621,nan,nan,-1.141678
-0.361270,-0.287897,-0.221863,1.131263,-1.592282,-0.358575,-0.689026,nan,0.957995
0.352034,-0.400874,-0.780209,0.299606,0.105255,0.187304,nan,1.693574,0.280381
-0.988627,-1.368433,-0.471165,-2.857544,-1.008125,-3.189517,nan,-3.724665,0.487017
0.450317,0.458643,0.317440,0.454778,0.710227,0.277083,-0.997843,nan,-1.542383
0.003109,0.131414,-0.607116,0.110395,2.079916,-0.069805,-0.824200,0.847010,-1.938019
-0.749813,0.106450,0.146069,-1.989912,-0.235104,-0.615432,-0.537952,-2.111186,0.051909
-0.235829,0.264364,0.240791,-1.766660,1.399274,-0.280115,nan,-1.890491,-1.057450
-0.184176,0.077763,-0.137766,nan,0.697075,-0.146590,nan,0.012507,0.309897
-0.270155,0.254554,1.025558,-0.564068,0.345462,-0.206064,0.638950,0.676832,-0.961420
1.771341,0.855792,0.393151,4.738260,-1.011764,nan,1.173576,6.202145,-0.041309
-0.098446,0.239801,0.907962,-0.666865,1.033169,1.014795,-0.046691,-0.604222,-4.151908
-0.243896,-0.630249,-0.299318,nan,0.557953,-1.750714,-0.429859,-1.289701,0.407760
-2.097451,-0.789931,0.037984,-4.922521,0.987619,-4.772282,-0.673855,-5.108427,-0.567892
-0.894207,0.020789,-0.183406,0.009152,-0.295306,-0.521551,-0.435277,0.459907,nan
-0.263073,-0.600314,-0.395364,-0.326769,-0.061187,-1.175818,-1.066970,nan,1.043263
-0.685853,-0.306644,-0.033032,-0.376597,-0.626104,-0.208306,0.910799,-1.449607,-1.269240
1.381708,0.254332,-0.894604,2.669643,-2.505908,1.399122,0.669555,1.607996,1.201060
-0.164938,-0.451024,-0.581101,-1.185083,-0.111215,0.099772,-0.069520,nan,0.579722
1.288444,-0.143228,-0.662757,2.068745,-0.061829,0.120396,nan,2.506801,1.786011
0.061705,0.916895,0.921744,nan,-1.600683,-0.811432,nan,0.432469,nan
0.037228,0.764594,0.831182,0.911655,nan,-1.726322,-0.211176,nan,0.529894
-0.088796,0.331805,0.001424,1.230722,-1.927631,1.104362,0.944364,2.021781,1.365736
0.003796,1.382435,1.339244,3.281146,nan,4.524475,0.509804,nan,-1.233404
1.718795,0.726926,-0.025138,2.056242,0.319534,1.017583,0.690847,2.887982,0.470980
-2.319611,0.962428,0.031016,nan,-1.480159,-1.941436,1.179602,-1.212422,nan
-2.001546,-1.160043,-0.569922,-2.703740,0.591981,-2.816618,-0.501138,-3.954929,0.018118
-0.543171,-0.092950,0.628086,-2.024872,0.915403,-0.582973,0.233274,-3.103056,0.085847
0.014528,-0.271181,-1.062206,0.130572,-0.828404,0.889825,2.237098,-1.199126,1.255347
0.690104,0.605680,0.333858,2.701040,0.201994,nan,-1.045104,3.946610,0.925216
0.473087,0.821474,1.307884,0.491995,2.015486,0.986697,nan,nan,-0.842850
-0.384246,-0.271864,-0.482524,nan,0.889996,1.350512,0.646157,0.990614,0.016842
1.019044,1.753226,1.097942,2.246833,-0.066568,1.214002,-1.653194,3.663522,0.434973
1.030195,0.682502,-0.415065,2.239755,0.825325,1.141868,1.390647,1.743760,0.208865
0.184058,0.281369,0.983493,nan,-0.763447,-1.171885,nan,-3.990689,0.928344
0.962658,-0.154970,-0.454439,nan,0.138835,nan,nan,0.074357,0.833286
0.272645,0.429272,0.284937,1.104646,-1.853115,-0.680095,2.082206,2.027210,1.361656
-0.561483,-0.374561,0.545947,-1.568827,2.555075,nan,nan,-2.666282,-1.059753
0.697817,-0.076859,0.059907,0.183027,0.859658,nan,0.682811,1.493464,-1.092669
0.110613,-0.488226,-0.861579,-0.142920,-0.276476,-0.148556,0.917087,nan,-0.817321
0.001340,1.870904,1.172683,0.436356,-1.387682,0.051476,-0.240265,2.284646,1.136208
1.472954,0.552043,0.247214,2.521933,-0.920262,1.433046,nan,2.932963,-0.458460
-2.450872,-2.245326,-1.373060,nan,0.869907,-2.842439,-0.899244,-7.509183,-1.007486
-1.417684,-1.197597,-1.591394,-1.828909,-1.652013,-2.577641,nan,-1.275028,1.371301
-1.187070,-0.629633,-0.174205,-1.824087,-0.009963,-1.948565,nan,nan,0.706145
-0.363261,0.201037,-0.470299,nan,-1.099171,-2.043591,-0.635252,-2.013004,-0.600943
-0.254608,0.261053,1.093366,1.205149,-0.242268,1.661636,1.188820,2.051075,-0.940123
-1.507326,-0.280033,0.316565,-3.233238,-0.005031,-3.432652,1.440704,nan,-0.028335
-0.985158,-0.943981,-0.912225,-2.287660,-0.050305,-1.015947,-0.302504,nan,-1.079886
-0.860842,-0.192113,-0.244754,-0.236554,0.228863,0.626442,-0.444741,nan,-1.251986
2.457424,0.615470,-1.189550,nan,-0.752869,2.647991,0.854113,3.101079,0.514491
1.801742,0.467121,-0.716557,nan,-1.436771,nan,1.031961,nan,2.048084
-0.411749,-0.848271,-0.046930,-3.368213,-1.166776,-3.421379,-0.380169,-2.413593,0.495810
-0.363583,-1.013664,0.414037,-3.940861,1.127631,-5.766868,-0.559369,-2.510464,-0.830676
-1.149204,0.170345,0.844235,-1.414960,-0.283988,-2.173245,nan,-1.379490,-0.361887
-1.908130,-0.472037,0.148788,nan,0.579807,-2.225747,-0.855585,nan,-0.933152
-0.116880,0.625226,0.319265,nan,-1.842205,0.514978,0.023868,-0.479196,0.828974
-0.997852,-0.471407,-0.556018,-2.575101,nan,-0.433246,0.276241,-2.054351,-0.282827
-0.084851,0.501340,1.456410,-0.177497,nan,0.445985,-0.447805,0.891165,0.082550
-1.600206,-2.033006,-1.240717,-3.127552,1.340454,-3.070851,-1.991546,-1.092260,-1.726624
-0.761974,0.223174,1.464946,-0.931651,nan,-0.564294,-1.144503,-1.874077,0.095690
0.148627,0.198297,0.810810,0.068490,-0.386712,0.256975,0.793045,-0.870207,0.868590
0.366210,0.622082,-0.482596,0.385507,nan,nan,-0.586892,1.964348,2.285327
0.417472,0.474752,-0.078416,0.650651,-0.289271,0.696775,0.749792,nan,-0.957374
-1.320489,-1.351183,-1.019322,-3.341071,-0.265279,-1.972729,-0.211963,-3.028564,-1.283494
0.854686,-0.621285,-0.793357,2.150810,-1.583348,nan,nan,nan,0.458924
-0.800212,-0.898544,-0.508929,-2.713752,-0.514377,-3.246257,0.398721,-5.358404,-0.502119
0.632858,0.711871,1.877759,nan,nan,1.738624,-1.178948,3.077942,-1.779349
-0.010639,0.477745,-0.153227,0.554953,-0.379802,0.312971,0.513613,0.661126,0.721712
-1.376387,-1.645753,-0.789201,-4.664133,2.406710,-3.026003,-1.639308,-6.495503,-3.804682
-0.316198,-0.844868,-0.272782,nan,-0.653371,-0.863469,nan,-1.047197,-1.995129
0.365364,-0.323583,-0.369262,1.520261,nan,1.705319,-0.671240,1.803405,1.532113
0.612965,0.056369,-0.083704,0.727894,0.659469,-1.429803,1.446229,nan,-0.795264
-0.140988,-1.023930,-1.299252,-0.048989,-0.876308,-0.866769,nan,0.267453,0.608393
1.531779,-0.229547,-0.589928,2.116418,0.060097,2.615186,nan,2.052263,0.457518
1.007511,-0.071529,-0.103777,1.636792,0.643898,0.386013,nan,3.406594,0.368081
-0.256654,-0.067949,0.186437,0.435824,-0.018045,1.637741,0.192626,-0.924172,-0.773425
0.750122,-0.451355,-0.301020,0.732922,nan,nan,nan,-0.977200,-0.638376
1.933793,0.885834,0.834833,3.909210,1.389964,0.221475,nan,nan,-3.128502
1.960485,1.721229,1.257321,nan,nan,2.740502,-0.080814,3.329040,-0.818228
-1.228000,-1.525246,-0.816149,nan,1.489554,-3.248180,nan,-3.389520,-1.013667
-0.926533,-0.607779,-0.794142,-3.466152,nan,-2.554910,nan,-3.720993,0.102308
1.484919,1.459789,0.422353,2.541420,0.146109,3.344819,1.117246,3.310756,0.662284
-1.058281,-0.821928,-0.449874,-2.681715,1.968985,-1.961655,-2.515822,-4.644823,0.281648
-1.322541,-1.062839,-0.327336,-2.101117,0.274369,-1.817474,0.499172,-3.338672,-0.849446
-0.486194,0.571350,0.363772,nan,-0.544824,-0.219021,0.682407,nan,2.631268
0.420227,-0.004228,-0.597317,nan,nan,nan,3.054941,nan,-0.273882
-0.102397,0.721948,0.014178,-0.185825,-1.065600,1.636406,1.117361,-0.426359,-0.324157
-0.650564,-0.025006,-0.650425,nan,-1.809767,0.617256,0.444246,-2.634779,nan
-0.674212,-0.577097,-0.376890,-3.385145,-0.827718,-1.533990,-0.382749,-1.710565,-1.130574
-0.712337,-0.020385,-0.537440,-1.103956,nan,-2.133798,-0.968295,nan,nan
-0.879510,-0.215440,-0.408762,-1.762153,-1.787283,-1.191786,0.204248,nan,0.377905
2.281633,1.855434,0.602907,5.119921,-2.044185,2.894499,2.670452,nan,2.787554
0.297511,-0.235086,-0.945281,nan,-1.717587,-0.315721,0.748704,1.500498,1.861173
0.886759,0.472224,0.301627,2.335543,0.628973,1.647945,0.169073,4.380000,-0.373691
-0.489077,-0.287600,0.286755,-1.798631,1.559585,nan,-1.186197,-0.630071,-2.386731
-0.185957,0.399925,0.101014,nan,nan,-1.200510,nan,-1.127808,-0.502095
-0.713554,-1.074402,-0.863969,nan,1.058704,-1.325241,1.727971,-3.026037,-0.726177
-2.651708,-0.613970,0.573051,nan,2.427322,-3.301495,-3.073541,-5.195219,-2.621718
-1.378009,-0.362574,-0.233654,-2.114296,nan,-1.220597,0.349609,-3.529720,0.297445
-1.810619,-1.827157,-1.309907,-3.929458,1.249727,-3.144025,-0.541590,-4.710507,-0.858197
-2.249784,-0.279108,1.049898,nan,-0.434910,-2.078502,-0.780197,-3.290509,0.225091
-1.195359,0.966186,1.573650,nan,-1.427000,0.792801,-1.131178,-2.376272,0.608851
1.324956,1.363762,0.994298,0.816401,nan,nan,-1.216103,1.504306,-0.517891
-0.044436,0.976671,1.257490,1.106739,nan,2.073996,0.761471,2.540227,-0.566890
1.290564,0.705042,-0.811775,nan,-1.210029,2.917094,0.699182,3.816861,0.935010
0.410983,-0.957562,-0.212427,nan,0.978650,-0.503088,nan,nan,-1.547036
0.782559,-0.899605,-0.758421,-0.834166,-0.940287,nan,nan,0.327757,nan
-0.900897,-0.271891,0.558147,-2.975250,0.043504,-1.937809,-0.359002,-2.989623,0.175013
0.523951,-0.152410,-0.085532,2.311973,nan,nan,-0.915096,1.077297,-1.665632
0.728714,-0.275846,-0.414829,0.817904,-0.421013,0.113782,-0.371770,0.604607,nan
-0.576647,-0.332246,-0.230457,-1.042257,-0.156112,-1.586748,1.349480,-0.088848,-0.219627
0.559540,0.710680,0.584254,0.619726,-1.137902,1.432797,1.609962,nan,-0.122664
0.566188,-0.733836,-0.912799,1.474603,1.618168,nan,nan,3.963764,-1.694701
-0.549553,-0.588991,0.127611,-0.908575,-0.245789,nan,0.723768,-1.303831,nan
-1.122768,0.495525,-0.059978,-2.641635,0.194513,-0.524453,0.193530,-4.681057,-1.373918
-1.184128,-1.344766,-0.991362,-2.951428,-0.902734,-4.465026,1.694563,-2.423461,0.604571
0.086506,0.652086,1.518128,nan,-1.403677,1.794367,nan,0.856590,1.632907
0.327010,-0.175807,-0.551788,-0.072758,-0.131798,-1.848476,1.149651,0.810611,-1.680740
-0.792526,-0.014207,0.107050,nan,-0.375059,-0.735312,nan,-1.386913,0.699999
0.026585,0.781422,0.175871,-0.442141,0.441038,-0.639763,0.429946,-1.693804,nan
0.570537,0.804166,0.640094,0.827900,0.349001,0.955177,-0.172854,2.432490,-0.669562
0.618191,0.945507,0.202816,3.042587,0.428366,1.309400,nan,3.486859,-0.488303
1.551880,-0.030175,-0.582510,4.052166,nan,1.024725,2.116918,nan,0.026904
1.276981,1.418052,1.175781,4.525691,-0.625443,2.921618,-0.853352,6.914786,-1.465039
-1.001291,-1.097531,-0.927019,-1.632313,0.194553,-0.568234,0.384647,-2.147795,0.044758
1.683586,1.023472,0.708008,3.876629,1.788257,3.258379,0.132977,5.271501,-1.135881
-0.530977,-0.084716,0.502635,-1.636610,nan,-1.097189,0.630874,-2.364440,0.251435
1.044873,0.862022,0.903634,1.298137,1.099552,0.815325,0.871462,0.493060,-2.040294
0.067987,0.269863,0.265765,nan,nan,-0.894119,-0.507673,-2.246119,1.000984
-0.412149,-0.796742,1.106881,-0.518913,nan,nan,0.011531,-0.295576,1.755746
-1.807697,-1.848756,-0.409429,nan,1.465487,nan,-1.226216,-2.334505,-1.174780
-0.171565,0.524862,0.633798,nan,-0.917676,0.329297,2.149764,nan,0.902218
-1.559383,-0.649607,-0.489833,nan,-1.953626,-2.784822,nan,-4.981945,-0.403667
0.967299,1.288213,0.691851,1.717008,1.135693,1.084050,-1.320515,2.118956,-2.681066
1.516793,0.727083,0.839792,3.592759,1.152976,nan,-0.255540,3.193264,nan
-0.796911,-1.382071,-0.011816,-2.893060,2.473007,-1.503432,-1.360876,-2.605831,-2.336098
0.301971,0.827276,1.310394,1.074617,0.417228,0.129990,1.545949,0.728896,-0.579567
-0.725392,-0.621955,0.112649,-0.166102,1.555139,0.690509,-2.146979,0.283017,-1.233516
-0.628485,-0.074840,-0.499157,-0.443135,nan,-0.728810,-0.921993,-1.768089,0.891301
0.774495,-0.065974,-0.041547,1.540885,nan,0.615889,-0.259780,1.212399,-4.654340
-0.038538,1.131742,0.296254,1.025875,-0.551261,0.825805,0.365561,nan,1.990311
1.739648,0.256229,-1.060647,3.216823,0.310390,nan,-1.362881,4.661004,-0.969386
-0.482232,-0.477317,-0.117605,nan,1.083639,-1.527197,-1.172112,nan,-0.143515
0.999336,0.574882,0.421705,0.111779,nan,-0.674097,nan,1.225330,0.891454
0.097413,-0.715821,-0.150192,nan,-0.212220,0.254408,1.432956,-2.793163,1.668161
0.795778,0.629253,0.513237,1.783162,nan,1.705274,-2.156319,3.297418,-2.214825
-0.447158,0.904759,1.123747,-0.450139,-0.829125,0.313669,2.109146,-2.939042,-0.925700
-0.049559,-0.368103,-0.771941,1.561479,-1.176263,nan,0.187439,1.202587,0.656897
-0.115499,0.218851,0.157242,0.084471,0.183999,0.115708,nan,2.617395,0.174215
-0.836057,-2.342633,-2.376848,nan,-1.164544,nan,1.097739,1.327940,2.068726
0.662082,0.303790,-0.957277,0.319215,nan,1.236072,3.000237,0.072573,nan
0.650249,0.105995,0.260043,2.482694,0.841269,3.347250,-0.990851,2.492639,-1.132518
0.593555,-0.276171,-0.775565,nan,0.232243,1.777096,0.456829,2.864543,1.389280
1.536966,1.525498,1.195558,4.443885,-0.113426,2.950796,nan,nan,-0.587431
1.449345,0.496302,0.516412,1.596826,2.282684,nan,-3.124424,1.627345,-1.528386
-0.374945,-0.311707,-0.446541,nan,nan,nan,nan,-0.938035,-1.997836
0.373052,-0.077509,0.121233,nan,1.320092,0.427748,-0.065891,0.014394,-0.514485
-0.623601,-1.653571,-1.466355,-0.227781,-0.632723,-1.665719,0.784329,0.899771,-0.669022
0.023355,-0.780713,-1.554516,0.176708,-0.754779,0.833772,-0.034301,0.050484,1.677680
-0.599749,0.372891,0.539892,0.574603,-0.918228,1.800496,nan,-0.520694,0.483436
1.620070,-0.666930,-1.255002,1.035876,nan,0.378857,-1.168749,0.515259,0.317262
0.363698,-0.354572,-0.612811,2.059590,0.303082,2.004227,0.931520,-0.981649,0.243685
-0.218029,-0.388819,0.742025,0.763140,0.542129,0.612154,0.151576,-1.379567,-0.961354
1.193619,1.817345,0.332862,2.107763,-1.579828,nan,0.838287,nan,1.321489
-2.170615,-0.547285,0.404792,-4.243530,1.559868,-4.041092,-1.173023,-5.412102,-3.579991
-2.014103,-1.397071,-1.010829,-3.755495,0.930236,-2.841959,nan,-4.483685,0.712972
0.795839,1.311079,1.264242,nan,0.375269,3.700400,0.155456,5.118400,-1.043404
0.060468,-0.488127,-0.259426,nan,0.172767,-0.545844,0.259974,-1.561142,-1.888242
0.250446,0.831593,0.779813,nan,nan,1.832640,nan,nan,-2.062103
-1.326396,-1.614412,-1.366056,-3.954615,-0.480140,-3.687087,nan,-3.667412,0.087912
-0.023234,0.739664,0.215907,1.678836,-1.447981,1.270903,3.678714,3.875153,nan
2.003509,0.717461,0.436541,4.566711,0.238033,3.310409,nan,6.237105,-0.326786
0.824200,-0.307853,0.391856,1.984897,1.113285,0.515704,0.799374,1.715366,-0.467681
0.169707,-0.067147,0.135524,-0.800661,-0.098091,-2.753815,1.651021,-1.472532,0.567253
-0.439054,-0.025386,-0.337303,0.311354,nan,1.399108,-1.371090,-0.645758,0.133186
-0.394573,-0.543610,-0.147047,-1.963502,-1.130642,-0.592409,nan,-4.677460,-0.868940
-2.129198,-0.676831,1.311030,-2.133287,1.836062,-1.200012,-2.025618,-3.085217,-2.044368
0.257640,-0.279276,-0.249501,-1.001696,0.396479,-0.289839,nan,-0.922690,1.155703
0.845483,0.857002,1.162877,1.501654,-0.904646,1.650814,1.487841,0.527224,1.420090
-1.575619,-0.478254,-0.280082,-1.756864,0.715301,-1.469676,-0.022535,-2.322133,-1.160346
-0.661417,-0.373355,-0.121302,nan,-0.755015,-1.954609,nan,-1.412381,2.198939
-1.157465,-0.887700,-0.053138,-4.086104,nan,-2.314561,-0.440437,nan,nan
-0.965351,-0.376597,0.186992,-2.155959,0.610539,-2.087593,-0.035925,-2.331785,-2.053977
0.053482,0.411918,-0.069704,-0.191424,0.418335,-1.499648,nan,-0.147543,-1.177163
-2.084402,0.401058,0.541409,-3.387025,0.888649,-2.645462,-1.658909,-3.787933,-1.894865
0.614270,0.964730,1.081645,1.526758,1.388364,3.702670,-1.187849,2.083068,-0.641982
0.753855,1.060120,1.217715,1.581947,-0.485836,2.415932,nan,0.212886,-1.087784
-0.251103,2.036407,2.460528,0.690966,0.788816,nan,-2.303425,1.501311,-0.115244
-2.480709,-0.879183,0.942831,-5.042669,1.340335,-4.001116,-0.952507,-7.043047,1.433042
-0.996419,-0.158959,0.239068,-2.037165,0.419466,-1.565439,-0.800131,-1.489015,-2.033311
1.232902,1.109262,0.361939,2.813810,-0.914380,3.047547,nan,nan,-0.132368
-2.777994,-2.095273,-0.167325,nan,nan,-5.442770,-1.676387,-7.642791,-0.155577
-0.347523,-0.484493,0.073197,nan,nan,-1.347252,0.259566,-1.346701,-1.811284
-1.180001,-0.944319,-0.892682,-2.313225,1.449446,-2.813004,-3.639488,-3.148355,-0.719599
0.804570,0.855615,-0.073697,nan,-1.182383,3.011573,1.070036,4.702953,-0.232476
-0.675114,-0.459479,0.080916,nan,1.628710,0.613684,-0.943364,1.474895,-0.608846
0.403954,0.298733,0.029163,-1.633232,-2.887240,-1.707137,-0.052134,-3.820345,1.673806
0.565460,1.043948,0.652306,0.892503,1.115443,0.168140,-0.575993,1.426957,-1.327507
1.836226,1.522318,1.203254,3.338959,-1.708719,nan,0.537478,4.775593,1.686264
-0.202942,-0.214676,0.268661,-0.572245,0.895704,-0.396908,-1.338741,-0.602391,1.131521
0.376044,-0.280974,0.327344,0.338017,1.986428,-2.141103,nan,0.680099,-2.135743
-1.485055,0.052165,-0.478520,-2.843070,nan,-2.018467,-1.261264,-3.650121,1.213402
1.190414,1.136931,0.679119,2.118316,-0.205452,1.342879,nan,nan,0.262580
-0.760509,-1.504634,-0.628210,-3.091364,2.368727,-2.511748,-0.113108,-3.823963,-1.245910
-0.560754,-0.499585,-0.994735,-2.741522,nan,-1.084294,-2.131132,-3.467414,-0.959527
-0.022248,0.104737,-0.236984,-1.130484,nan,-1.525699,-0.383738,-0.915675,3.073791
-1.562884,-0.236261,-0.140386,nan,0.163303,-1.458853,0.780198,-1.136246,0.064406
0.228770,0.751456,0.543383,1.328746,-0.051664,1.820690,0.108758,2.779152,-1.569073
0.967466,0.682467,1.069661,4.118761,0.743370,2.544147,-0.027594,4.221190,-1.573587
0.292934,0.556140,1.368327,0.014296,nan,1.322482,0.760049,0.235998,-1.754248
-1.588898,-0.749553,-0.530117,-1.804742,-0.288492,-1.603759,0.353665,-2.868886,nan
-0.123809,-0.533601,-0.126459,-0.536859,0.020615,0.830003,0.941890,-2.109727,-0.133447
0.742029,0.188129,0.207294,nan,0.903589,0.620840,-1.158316,1.498981,-1.860723
-1.877989,-0.925701,0.016649,nan,nan,-1.372584,-2.665221,nan,-0.814733
-1.074766,-0.561658,0.072593,-2.057166,0.550937,-1.942138,-0.588769,-2.531354,0.799055
0.876544,-0.881629,-0.816395,0.085013,-0.061886,2.185925,2.659834,0.901901,-0.094128
0.270095,-0.143191,0.648204,-0.414627,1.155040,nan,-1.467328,0.945003,-0.872264
0.411972,0.245330,0.623906,-0.255539,1.271227,0.811552,nan,nan,-0.894402
1.859495,0.732788,-0.501695,nan,-0.938988,0.309557,nan,3.817535,nan
0.468553,0.061500,0.306494,1.167118,0.348461,1.589668,0.067507,1.885983,1.517095
0.657888,0.670538,0.785251,nan,nan,3.081781,-0.843605,1.960977,1.153958
2.710746,0.600103,-0.175658,3.232384,-0.217422,nan,nan,nan,0.907652
-0.213805,-1.246532,-0.367372,-2.454107,2.060947,-3.619788,nan,-4.145027,-3.062224
-0.797883,-0.642660,-0.180726,-0.586803,nan,-0.523221,-0.284829,1.257984,-0.446664
0.427796,0.748778,0.570918,0.803107,-0.466330,1.594838,-0.669742,1.214857,2.795418
0.438991,1.400783,1.049549,nan,-0.815189,1.191597,0.326870,1.146106,0.527395
-0.526715,0.284132,-0.623802,-0.835763,-1.952177,-1.982437,0.882434,0.514039,1.623897
-1.032397,-1.543983,-0.965667,-2.474986,1.354291,-0.951119,-2.627333,-1.655136,-0.483984
2.309844,0.992265,-0.233266,nan,-1.666720,2.392146,nan,nan,2.568399
0.326843,0.343066,-0.416824,nan,0.865105,1.059152,1.456273,2.741280,-0.214016
-0.732285,-0.241829,0.743232,nan,-0.043129,-1.720215,-0.243131,-1.691360,0.753325
0.915930,0.835478,0.645707,1.913206,nan,nan,0.877912,1.273829,-0.268114
-0.109145,-0.696507,-0.539377,-3.126470,-0.527394,-3.684146,1.398781,-4.824170,0.937404
-0.252881,-0.080981,-0.271322,-0.396908,nan,-1.360634,nan,-0.595566,0.802009
0.562273,0.575362,0.439693,1.156288,-1.234555,1.053775,0.143510,nan,nan
-1.291882,-0.067971,0.828906,-1.365996,-0.295152,-0.893656,0.204536,-0.360533,1.552183
0.352627,-0.387689,-0.829422,nan,-0.391151,-1.622796,1.129838,nan,-0.525072
1.912955,0.714868,-0.004407,4.428953,-0.118288,nan,nan,nan,0.035473
0.466178,-1.659584,-1.033487,nan,nan,nan,nan,-0.560026,-2.314088
-0.376212,-0.623129,-1.353640,-3.245419,1.017620,-2.015749,-1.221031,-4.799873,-0.513485
-0.507105,-0.620643,-0.373168,nan,nan,-1.399174,nan,0.011268,-0.105427
-0.410340,-0.918879,-0.826647,nan,-0.053595,0.787140,-0.769616,1.683935,nan
-0.253963,-0.011053,0.000432,0.180779,2.041419,0.279635,nan,-0.507677,nan
-0.377807,-0.228065,-0.319924,-2.284100,-0.549411,nan,-0.360559,-2.382551,0.472036
0.916311,-1.123294,-1.104716,1.650839,-0.024153,2.067189,nan,nan,0.917777
-1.733209,-0.715749,0.909177,nan,0.915329,-0.592737,-0.675420,-3.637204,0.522479
0.862000,-0.218827,-0.595623,-0.042085,0.303956,nan,0.858746,-0.530380,0.433667
-0.379687,0.150139,0.379873,0.225504,1.136925,nan,nan,-0.007806,nan
0.376948,-0.708822,0.317231,nan,1.121104,1.911007,nan,3.582832,-0.630571
-1.126988,-0.542489,-0.370903,nan,nan,-1.326611,nan,-3.042009,1.244236
1.328631,0.466101,0.881629,nan,1.113347,0.912638,nan,nan,-1.620311
1.245635,0.834989,0.296962,1.198155,nan,-0.017194,0.125329,2.939102,-2.209487
0.959591,0.567083,1.056738,nan,-1.020419,nan,nan,nan,-0.212464
-1.514755,-0.935992,0.080733,-0.872740,0.105794,-0.110269,1.227175,-1.470798,1.214130
0.829121,-0.660830,-0.623846,nan,1.435133,nan,nan,-0.341899,-2.008459
0.404855,-0.831618,-0.819566,-0.354289,1.613492,-1.387321,1.281402,0.340020,-0.623431
-1.605271,-1.211356,-0.799525,-3.528042,0.566502,-2.393219,-1.530390,-4.814214,nan
-0.024297,-0.017945,0.030829,0.283309,nan,-0.079160,0.798584,2.695034,-0.651652
0.364534,-0.243506,0.144515,nan,1.323296,0.178382,nan,-0.914166,-0.993465
0.556075,0.715686,0.399170,nan,-0.723978,-0.191985,0.299616,2.764031,0.694199
0.177261,-0.106824,-0.296949,-0.597582,nan,1.893481,nan,-0.727264,1.241505
0.291231,-0.529893,-0.636675,0.829067,0.502060,1.515557,-0.298193,0.512343,-1.099089
1.473611,0.542138,0.487866,4.200660,0.587604,3.954265,-0.788350,4.067584,-0.504610
1.226034,0.771119,0.861666,nan,-1.033745,nan,nan,1.578338,2.325667
-2.867055,-1.206108,-0.438345,-4.561183,nan,-3.104246,nan,-5.559929,0.076908
-0.317439,1.156146,0.685855,0.970177,0.143183,1.443235,-0.203862,0.313874,-1.388614
-0.164651,-0.550562,-0.201375,0.173016,1.927275,0.293844,-0.800371,0.355534,-3.032638
-1.752099,-0.927484,0.547408,-2.556684,1.122336,-3.363774,0.007839,-4.280384,-0.893563
0.094183,0.345378,0.821043,1.629356,nan,1.874935,-0.318163,2.591239,0.446939
1.248758,0.607983,-0.514167,nan,-1.517939,nan,1.158790,-0.331168,1.180621
-1.086568,-0.893717,-0.521041,nan,0.065089,-1.629053,nan,-2.532992,1.548666
0.336401,-0.916280,-1.299246,-0.893441,-0.235001,0.068998,1.363789,-0.224994,0.712805
-0.915823,-0.815496,-0.511406,nan,-0.911042,0.741919,nan,-2.118822,nan
-0.671912,-1.087548,0.133740,-0.172875,1.987921,1.335756,-1.728805,nan,0.445822
1.477394,-0.469928,-1.530461,2.252979,-2.871422,1.426905,3.055074,2.732815,1.978149
-0.542558,-0.828254,-1.309269,nan,-1.868886,-1.934712,1.376229,-2.610624,1.660133
0.462212,-0.501858,-0.954427,1.067408,-0.868058,1.157394,0.922091,0.601758,1.140585
-1.871218,-0.526958,0.283454,-0.680255,1.346547,-4.040265,0.479419,-0.099760,-0.819028
1.862318,1.351923,0.833221,3.267229,-1.462072,3.792199,nan,3.333868,0.011745
0.602652,-0.331389,-0.227183,nan,0.514119,-0.750536,-0.660668,0.370030,0.473394
-0.182500,-0.273410,0.423865,0.069550,0.676729,0.665811,nan,1.237307,-2.351225
0.575547,-1.012997,-1.864604,0.265382,-2.182877,-0.163489,nan,1.826050,0.497574
-1.409819,-1.050948,0.176356,-1.647407,2.429354,-1.476674,-1.484321,-1.226479,-0.805664
1.182531,0.870553,0.185635,1.067907,-0.877909,0.369807,1.100285,nan,1.253356
-0.323985,0.415464,0.795314,-0.808830,0.292182,-0.154173,-0.188297,-1.589979,-1.125402
-0.204070,-0.601168,-1.081426,-3.001209,-1.684749,-4.646936,2.102604,-2.364665,0.770540
-0.491656,0.490471,0.542352,nan,-0.170274,-1.215823,0.295705,nan,1.228861
-0.580651,-1.351310,-0.788717,-1.302673,1.600347,-0.985525,-0.358055,-1.358550,-2.733228
0.694671,-0.526004,-0.051329,0.062101,0.243383,nan,nan,0.033163,-0.167586
0.255907,0.624717,-0.369626,-0.155984,-1.794684,-0.786391,1.238168,-0.360745,nan
0.651748,1.495659,1.016379,2.012440,-0.737224,1.151916,-0.020115,2.826451,0.307997
-0.008795,0.341005,-0.267175,2.884319,-0.583188,nan,0.989560,3.143123,-0.117072
0.513200,0.228360,0.281476,-0.396876,0.890815,nan,-0.217024,nan,-0.159187
-0.418849,-1.746053,-0.882580,-1.027377,2.164398,nan,-3.553088,-2.863813,-1.663516
2.229732,-0.300847,-0.266012,2.998853,1.267313,nan,nan,nan,-0.867055
-1.567930,-0.693379,-0.351838,nan,0.459654,-3.975178,-0.091083,-6.494304,0.642790
1.260937,0.379825,0.389192,2.989599,1.699669,nan,-0.421296,4.138135,-0.990556
1.367907,-0.090131,0.197974,2.144304,-1.738776,nan,nan,3.371406,2.416640
-0.852159,-0.380207,-0.870141,-2.202833,0.333041,-3.174610,nan,-2.227459,-1.686283
2.229274,1.195229,0.593573,nan,-1.043427,4.062636,nan,4.915778,2.044174
0.995490,1.158836,1.107678,1.452727,-2.035279,0.884293,3.250864,0.715266,-0.022114
0.971139,0.581191,0.044248,3.129176,nan,1.781287,2.104631,2.666995,1.996521
0.028022,0.873887,0.085316,-0.363933,-0.567142,0.222412,1.622447,0.369613,0.603816
-0.217226,-0.103017,0.454232,-2.010373,0.724052,-2.173926,-1.258146,-1.976810,nan
-0.209409,-0.185439,-0.685283,nan,-0.758642,nan,0.979981,-1.036336,2.842676
0.390531,0.940284,0.545892,0.354025,-0.244862,-0.479083,0.672232,0.379956,2.189127
1.401186,0.015685,-0.427870,nan,-0.900864,nan,-1.138073,4.913957,-0.961128
0.181314,2.060770,1.951991,1.100068,0.184726,nan,-0.863143,2.980593,nan
-0.911444,-0.193042,-0.194316,-0.133814,0.358576,-0.845606,-1.228689,-0.442706,-0.297651
0.824427,0.678794,-0.046585,1.453352,-1.810356,2.272549,-0.372815,0.971598,0.669608
0.921151,0.828143,0.435627,nan,-0.292762,-2.015795,1.413030,nan,1.880925
0.654660,1.641325,1.619858,4.160408,0.492013,3.048254,nan,4.666754,-1.683885
0.745499,0.927505,1.662079,0.935038,-0.299501,0.634370,-0.886186,1.772627,0.359717
-0.270928,-1.259003,-1.679665,nan,nan,-1.980456,nan,-1.456403,1.219266
-0.928989,0.517935,0.850716,0.173932,-0.298462,1.539170,0.241958,0.983380,0.302154
-0.868193,-0.672724,-0.820989,nan,0.664194,nan,-1.863154,nan,0.000846
-1.635463,-0.742723,0.405866,nan,0.620955,-0.661835,-2.442845,-2.173521,-0.633024
0.236949,-0.777003,-1.161960,0.493882,0.533223,-0.001279,-1.424770,0.886081,-0.826067
-0.083449,0.326617,-0.050996,nan,nan,0.824290,-1.073251,1.949069,2.072817
-0.439988,-0.675956,-0.703404,0.712711,nan,-0.952522,-1.385023,nan,0.336367
-2.955619,-1.407691,-0.277566,nan,1.627737,-3.386581,-2.043844,-3.142712,-0.847018
-1.247317,-0.822528,-0.122228,-2.049407,1.009390,-2.435324,-1.466047,-2.196472,-0.202826
1.120841,1.907929,1.431942,0.463800,-1.026454,0.813022,1.055808,-0.435889,2.498928
-0.664626,1.055269,1.040719,nan,nan,-0.658052,1.447376,0.246582,2.599024
0.360592,0.212855,-0.602839,0.224048,0.199893,1.898176,nan,0.050704,1.453712
-1.390685,-0.650558,0.260652,nan,0.614101,-0.687445,-1.679622,-0.575653,-0.294269
1.438705,0.457943,-0.091737,2.305577,nan,nan,-0.399126,0.958352,-0.910435
-0.144028,0.702191,1.185828,nan,0.235073,0.864282,nan,0.505344,-0.712591
0.290040,-0.085224,-0.509060,0.139087,-0.298680,-1.131067,-0.685753,1.676689,-0.860780
2.325780,0.867954,-0.804508,4.577557,-2.013374,3.090421,1.540255,nan,1.372766
1.516440,1.443235,0.682643,2.724645,nan,3.031207,nan,3.363563,-2.473444
-0.306566,-0.530092,0.315872,nan,nan,-0.307611,-1.068580,1.025400,nan
-0.593220,-0.323039,0.000006,0.409819,1.096060,-0.394011,nan,0.723221,-0.457293
-0.325545,-1.269690,-1.017923,nan,nan,nan,-0.826180,-1.491207,-0.355836
0.509898,0.747882,0.010163,1.998648,-1.926908,nan,0.038818,2.515904,-1.060062
-0.105224,1.305995,1.955246,1.276007,0.468298,2.204102,-2.280201,0.199651,-0.389000
-0.395244,0.307236,-0.150440,0.358968,nan,-0.730525,nan,-1.352042,0.339951
1.467181,1.756850,0.602629,1.636345,0.056747,2.432381,0.175395,0.692101,0.306178
-0.114210,-0.649376,-0.200221,-1.175285,-0.082463,nan,nan,-0.813110,-0.054075
2.299589,1.315222,-0.565710,4.589574,-2.888964,3.536638,nan,5.579409,3.224890
0.090743,-0.614841,0.118200,nan,-0.531266,2.723891,0.941669,-0.902576,-0.821689
1.785318,0.733223,0.363080,nan,1.122543,nan,nan,4.149597,-0.143276
0.357319,0.719208,0.917786,nan,0.232780,-1.118803,0.779019,-0.119518,-1.053068
0.962961,0.552755,0.432374,0.802834,-0.676511,1.380723,-0.661796,1.769070,0.194770
-0.724611,-1.351154,-0.944102,-3.692824,1.291130,-4.332297,-0.002045,-3.894665,-1.648752
-0.853759,-1.347400,-1.353367,-0.205757,0.209565,-1.984884,0.254513,0.368268,-0.488888
0.459706,-0.736962,-0.797519,-1.202867,0.057370,nan,-1.187435,-1.392893,-0.645610
0.988553,0.838293,-0.113549,2.067957,0.062164,0.910061,nan,nan,-0.711876
0.040257,1.464854,1.402884,1.654414,0.403989,1.212986,0.460334,2.336320,-1.704074
-1.286393,0.310524,1.037727,-2.631423,-1.090859,-1.829010,-0.801163,-2.408592,0.714297
-1.360258,-2.007319,-0.459373,-4.303181,nan,-2.958148,-2.459051,-5.265716,-2.244310
-1.427136,0.281185,0.838973,nan,1.274368,-2.627902,-0.189313,nan,-0.266601
-1.767622,-0.228331,0.809910,-4.950331,1.204593,-2.549857,-1.699485,-5.009962,-0.351857
0.109485,-1.026967,-1.002992,-0.447800,0.385222,0.628826,nan,-0.118784,0.945102
1.125044,0.350281,-0.296427,1.209770,-2.675653,1.229323,1.206349,1.492968,nan
-0.013416,0.760158,0.848987,0.757451,1.007687,2.160218,-3.721826,nan,-0.299818
-2.260415,-0.744904,-0.111035,-5.782867,-0.029454,-4.847226,-1.507341,-6.291329,2.427597
-0.190760,-1.011747,-0.617576,-0.140969,nan,-1.267553,-0.834224,1.812911,-0.082948
-0.162799,0.346120,-0.204860,0.921784,nan,1.189617,-0.929175,0.223103,-0.049105
2.095999,-0.448251,-1.428214,2.054235,0.390308,2.143381,0.126362,2.168418,-0.985228
-1.457138,-0.884544,0.047210,nan,0.148881,-1.486132,nan,-3.389530,nan
-0.390678,0.601231,1.041533,-0.334562,0.675368,-0.234864,1.164505,0.222613,0.987904
1.705853,0.865802,-0.311942,4.585123,-1.536954,3.653912,0.555859,2.775935,1.720867
0.449978,-0.124267,0.100900,nan,0.137937,1.209806,nan,3.562834,nan
0.563313,0.904199,0.287997,1.225692,nan,nan,2.837106,1.505274,-1.155621
0.114584,0.739618,0.565572,-1.174412,0.826635,-0.453627,0.793121,-1.649426,-3.858532
0.329944,1.082000,1.475089,-0.306270,-0.339415,-0.387697,-0.313380,-0.120788,-1.078666
0.777610,1.000844,0.971136,1.201893,nan,2.000069,0.217517,nan,-1.489125
-0.809486,0.352219,0.922557,-1.874071,0.761663,0.028613,nan,-2.730754,1.959755
0.878059,0.952065,1.452630,nan,-2.109737,2.507660,2.759841,1.517563,2.837934
-1.373003,-0.500631,-0.340544,nan,0.200803,-1.012264,0.310841,nan,-1.514541
0.328368,0.226840,-0.409976,0.796659,-2.253080,1.734587,nan,0.220397,1.038186
0.178741,-0.076711,-0.476052,1.251051,0.059200,nan,0.226426,1.621591,-0.260254
-0.616293,-1.156804,-0.867806,-1.479785,0.486724,-1.171609,-1.478289,-0.792382,0.454175
-0.022685,-0.680061,-1.714518,-0.497061,-0.656141,0.233405,-0.258443,-1.012105,nan
-0.622540,-0.508680,-0.323896,-1.869741,2.500022,nan,nan,-2.285433,-2.955211
-1.071701,-0.366834,-0.244242,-2.979877,-0.200233,-1.597809,0.214869,-4.989015,0.796924
-0.353615,0.831761,1.163373,0.038154,0.546414,-0.630569,1.942544,-1.575470,0.612979
-1.103989,-0.581252,0.042404,-0.535876,3.778051,-1.742990,-2.296798,-0.242962,-2.559296
0.322797,0.863832,0.293878,0.854115,0.509561,0.882017,1.701958,-0.303706,-0.346127
-1.150085,0.180478,0.784389,-0.883653,0.767324,-1.722305,nan,-2.526961,-1.157981
0.711977,0.193976,0.303219,nan,0.582814,nan,nan,-0.540126,-0.525675
-1.181479,-0.174456,-0.169394,-2.183217,-0.114000,-0.810038,0.369573,-3.166110,-0.509674
-0.566295,-0.453617,-0.439517,-1.095049,0.977678,-0.928265,1.147687,0.155116,-0.506298
-0.624603,0.613193,-0.434746,-0.400787,nan,-0.383538,0.498771,1.290980,1.863785
1.325147,1.107664,-0.056743,2.502833,-0.950968,1.514448,nan,4.088355,2.735019
0.330290,-0.668194,-1.004877,0.142252,-0.819260,0.564746,1.178527,0.040999,1.450403
-0.211734,0.007200,0.106364,-0.535752,0.590420,-2.170936,-1.484495,0.563513,0.498694
0.498719,1.403038,0.500123,nan,nan,0.304049,-1.963538,1.493914,nan
-2.107192,-1.180458,-0.568935,nan,nan,-4.016170,1.971156,-3.794942,nan
-0.043134,0.291834,-0.366258,nan,nan,0.930284,nan,0.171820,1.310378
1.997514,1.380872,0.591001,nan,nan,nan,2.331753,3.466270,-0.059408
0.132347,-0.659463,-0.354417,-0.892701,-0.193271,-0.724483,nan,-1.566509,-0.169399
0.067913,0.391452,0.493970,nan,nan,1.369498,1.613108,nan,0.007944
0.548128,-0.701620,-0.719554,0.802887,0.932884,0.129503,-0.296685,-0.305427,-0.858208
0.895605,0.009866,-1.031325,2.270319,-0.539148,-0.072172,0.819780,nan,2.310056
-1.997467,-0.245727,0.092681,-2.294590,-0.116559,-1.216415,nan,-2.238218,0.346748
-1.682326,-0.591434,-0.172102,nan,1.501705,-3.795452,-1.100787,-2.339190,1.563657
0.210291,-0.107989,-0.351126,0.606281,1.488755,-0.254355,nan,nan,nan
-0.714877,-0.044916,0.216021,nan,nan,-1.016988,-0.463512,-0.453657,-0.082546
1.312025,0.613948,0.810322,nan,nan,1.760360,-0.393019,nan,0.065010
-0.315174,-0.148782,0.381575,-0.116279,0.832134,-0.079872,0.678776,0.541342,-1.767005
-1.934531,-0.507492,-0.319394,-3.830400,-0.966808,-2.156319,-0.644088,-2.940159,-0.854257
-1.268014,-1.143164,-0.194926,nan,nan,-3.589328,nan,-3.876765,-1.622540
-2.749676,-1.346603,0.067772,-4.509342,2.612133,nan,-1.029651,-3.220063,-1.322137
-0.234126,-0.335651,-0.601316,nan,nan,1.441490,nan,nan,nan
-0.188384,-1.204114,-0.482343,-2.572101,0.755831,-2.065806,nan,-2.365674,0.467489
-0.424463,-0.856550,-0.638090,-3.100833,3.098450,-3.346600,-2.348555,-3.184017,-1.907145
1.078879,1.637184,0.281107,2.540129,-0.724823,2.604188,1.088369,nan,-0.167869
1.198520,0.868566,0.562898,0.235030,-0.352049,nan,nan,1.011095,nan
-0.170388,-1.011706,-0.649767,-0.904652,-0.687639,0.270550,nan,-0.811906,1.899548
-2.134694,-2.145595,-1.189907,nan,0.366768,-4.333166,-1.967785,-9.151092,0.224258
0.617282,0.230126,-0.019810,1.490661,-0.840023,1.106066,0.449937,1.100750,0.359339
0.555360,1.370511,0.570258,1.459406,nan,2.021687,1.861376,1.890092,0.065972
0.309392,0.023965,0.231420,-0.451187,1.939260,-0.953025,-0.531221,-0.531637,-0.143606
0.981480,1.405640,0.808342,3.390380,0.045639,2.948992,nan,4.263803,nan
-1.164828,-0.336063,0.163823,-1.725258,-1.617289,nan,0.647367,-0.366754,-0.332705
2.008755,1.334253,0.643347,nan,-0.744607,3.535075,nan,3.281311,0.269518
-0.959428,-1.414718,-1.421239,-3.320256,0.596232,-0.925456,1.043604,-3.279371,-1.194905
0.749223,1.030878,0.152794,2.012241,-0.837836,1.674675,2.239788,1.171437,0.464916
-1.687348,-1.078126,-1.461269,-4.211210,2.698934,-4.056698,-1.680091,-4.239586,-3.119421
-0.930265,0.139032,0.672676,1.049213,-0.249457,-0.495578,2.238806,2.254396,-1.074523
1.516369,0.188265,-0.910403,3.293919,0.784605,3.002927,nan,nan,-0.163504
-0.260900,-0.006515,0.139343,-0.211226,0.033830,-1.395542,-0.962565,0.760903,1.352013
0.839923,0.666363,0.466608,2.684983,nan,2.957396,0.326689,1.953341,-1.003431
0.236955,0.010654,0.238613,nan,nan,nan,1.187526,1.467915,nan
-0.104958,0.230703,-0.385959,-0.220593,nan,-1.152767,0.500261,-0.009700,-0.587915
1.363850,0.495447,-0.045378,2.446758,1.538468,0.914572,nan,nan,-1.884564
-0.236659,-0.572671,0.448001,-2.436873,1.552632,nan,-1.132492,-2.424102,-0.863265
-1.780738,0.233469,1.578154,-2.996719,-0.122725,nan,0.322018,-5.361933,-0.172374
-0.803240,0.332647,1.000751,-0.813351,-1.291410,-0.124976,0.825105,-0.708340,-0.403911
0.551192,-0.257009,-0.202219,-0.035119,-0.687100,1.455996,1.371781,nan,-0.982345
0.395509,0.595666,-0.144673,nan,-1.913981,3.536366,-0.460605,nan,nan
-1.567058,-1.303404,-0.213295,nan,-0.226381,-3.178630,-0.907604,-4.342503,0.524576
-0.724343,-1.191451,-0.814868,-1.430028,2.263980,-1.643890,-3.293848,-1.172719,-1.359737
-0.581721,0.432806,0.801025,nan,0.210463,1.827288,-0.423488,3.422398,-0.515020
-0.365470,-1.375605,-1.307264,nan,nan,nan,1.449273,nan,-0.334231
-1.375914,-0.039158,0.294981,0.064873,-0.863129,0.690953,nan,nan,-0.328719
-0.628371,-0.491091,-0.122288,-1.027051,-0.990392,-0.158086,0.635794,-1.891195,1.318397
-0.728610,-0.512388,-0.068188,-2.861145,1.015829,-2.916794,-1.305921,nan,-0.408402
0.771533,0.672592,0.553475,-0.988648,nan,nan,nan,-0.123736,-0.122133
0.809121,0.811400,0.116786,0.370217,-1.522256,nan,0.986097,-0.495933,1.930929
-0.145810,-0.651345,-1.148975,-0.329131,1.433389,1.170919,nan,1.157222,-1.225998
-0.392040,0.306388,1.175115,0.501457,-0.272318,0.613181,0.230372,-1.478101,-0.772260
0.139924,0.149322,1.322107,nan,0.264225,0.017834,0.716541,2.608671,-0.063468
-0.816575,-1.287526,-0.561338,-3.202766,1.052668,-1.794225,-1.882880,-3.846137,-1.008273
-1.146832,-0.692328,-0.871809,-2.747199,-1.083474,-3.052988,-1.063359,-3.404158,-0.319018
-0.940221,0.496785,0.292897,-0.713173,0.169359,0.711765,0.199094,-1.140162,-0.221768
-0.634813,0.856210,1.129971,-2.747853,-1.380248,-0.544005,nan,-2.035305,1.137072
-1.163474,-0.079593,0.955926,-2.696050,-0.003588,-3.186134,0.286754,-2.324654,nan
0.162060,-0.752211,-1.256832,0.085093,1.339737,nan,-0.493171,0.799498,0.266559
0.729716,0.708283,0.285545,nan,nan,3.560392,-0.858958,1.269564,0.953763
-1.587098,-0.197947,0.415738,-1.555748,0.944501,-0.876259,-0.866223,-0.644635,-0.226561
0.025129,0.520560,0.841199,nan,-0.377818,0.515654,-0.743308,nan,-1.396727
-0.219936,0.439500,0.245780,-0.444666,0.592182,nan,-0.482966,nan,nan
0.341509,0.425038,-0.544329,-0.194446,-0.983259,-0.238195,-0.786507,1.194943,2.803682
-0.012939,-0.057158,0.268754,0.243052,-0.762900,0.769314,0.094901,0.654153,0.410067
-1.453599,-1.152657,0.076352,nan,2.743183,-2.632806,-0.527679,-4.869852,-2.652441
-1.262389,-1.959750,-1.230379,-2.119829,1.288982,-2.002939,-0.971006,-2.153223,nan
0.029424,0.252461,0.395762,-1.206560,1.186610,0.431136,-0.362188,-1.199386,0.131949
1.028781,0.644627,-0.030178,3.643300,-0.888002,2.111924,0.382012,3.954838,-0.529411
-2.214187,-0.716791,-0.332063,-4.404554,nan,-3.928413,0.697937,-5.957229,0.669878
0.345727,-0.763417,-0.201239,-0.282107,1.067893,-0.917615,-1.485589,-1.392545,-2.246802
1.189622,1.046323,0.673919,3.013012,-0.015468,3.800958,0.452861,2.976362,0.162825
-0.153026,1.361669,1.380427,1.086781,0.253313,0.794812,-0.362440,2.727606,-0.283266
0.550202,0.330016,0.850010,nan,1.042592,0.752203,0.034684,nan,0.467182
-0.703069,-0.394700,-0.632261,-1.871286,-0.814029,-2.912273,nan,-2.199277,1.327145
-0.119366,0.156619,-0.114908,-2.272872,1.688508,-1.683299,nan,-3.463593,-2.550413
-1.620914,0.612179,1.054984,-2.314347,nan,-0.600740,-1.790992,-3.268983,-1.196111
-2.344343,-1.888725,-1.089834,-3.767019,nan,-4.163481,nan,-4.039632,-2.516560
0.942766,0.613628,0.599641,2.147545,-2.009647,1.833385,1.670152,3.127026,nan
-0.984995,-1.052258,-0.640007,-1.063615,-1.040553,-1.553134,-0.012464,0.264415,nan
-0.455528,-0.610667,-0.848142,-1.371557,-1.098744,-2.697430,0.704285,-1.745618,2.113895
-1.386442,-0.727934,-0.133529,-3.247238,nan,-1.999652,-0.382384,-5.361114,1.713935
-1.409970,0.238141,0.698673,nan,nan,-1.521200,-1.825364,-2.808134,-0.795448
-0.173838,1.173775,1.458512,0.891451,0.403148,1.643256,-0.709774,2.051434,1.552499
-0.729577,-0.051089,0.374572,nan,0.627824,-1.229196,-0.396087,-1.118234,-1.310236
0.377971,-0.074631,0.057477,0.467335,0.846955,0.032474,-0.894856,0.935095,0.411749
0.452538,1.971186,1.601333,1.579888,nan,2.946776,-0.807316,nan,-1.898964
0.320850,-0.138863,-0.301457,nan,-1.331571,0.087824,0.846397,-0.653335,0.754441
0.238601,-0.280495,-0.654086,nan,-1.096404,-0.649224,1.113735,1.132774,-0.924019
1.577768,-0.453576,-0.691772,2.796828,0.990551,0.932133,nan,3.336565,-0.199616
-1.067594,0.443467,0.508490,nan,-0.626875,-3.553977,0.405438,-2.295229,-0.176977
-0.054935,0.650304,1.381635,nan,-0.896657,1.731980,-0.443535,1.178208,0.228431
1.132690,2.258809,2.138331,4.341498,-1.417111,4.479615,1.242205,5.840737,0.596403
1.264540,-0.340396,-0.335260,3.446023,0.308837,nan,-0.056650,3.559917,0.531141
-1.421764,0.309838,0.863633,-0.742197,0.458028,0.679831,0.413177,-0.152611,-0.124943
-0.312355,-0.107083,-0.035939,nan,0.093110,nan,1.093707,-0.823938,-0.955046
1.358121,1.243331,-0.043334,3.597087,-0.934114,3.775068,1.762789,3.686272,0.859891
0.508079,-0.899404,-0.980033,0.206263,nan,1.280618,nan,0.523087,-0.120495
0.195263,1.125289,0.892352,0.972998,-1.629775,1.719684,-0.038645,-0.179064,1.253984
-0.217685,0.441719,0.533409,nan,-0.657731,2.729788,-0.828776,-1.624195,0.499067
-0.383801,-0.219137,0.174598,nan,1.086287,-0.769163,nan,-0.474428,-1.512721
0.288219,0.595688,0.850750,0.729022,0.478283,0.549390,-0.771637,nan,1.156597
-0.252374,-0.662034,-0.799992,nan,-1.277615,-0.739016,0.831526,nan,0.167899
-0.042579,-0.426897,-0.670282,0.672050,nan,1.856332,0.973367,0.850841,nan
0.078599,-0.285112,0.473759,0.765300,0.869464,1.392601,-1.567777,0.373082,1.008820
-0.678072,-1.635945,-0.719844,0.701228,-0.253093,nan,nan,1.285175,1.614880
0.532129,0.869296,0.340412,nan,-3.515933,3.499406,2.790563,nan,2.790365
2.914245,2.291238,0.905111,5.617701,-2.539815,5.093918,3.303769,7.834966,1.059156
-1.776987,-1.379434,-0.621808,-3.216724,1.920315,-4.327197,-3.144151,-2.944930,-3.008072
0.324013,0.405748,0.243182,nan,-1.593538,2.373452,nan,1.357807,0.876023
-0.760190,-0.565973,0.011620,-0.773306,0.781558,-1.093533,0.200557,-1.861616,-0.334591
0.577403,0.518493,1.509070,nan,nan,1.334443,-0.951655,3.670841,1.668609
0.046557,-0.416025,-0.251909,nan,-0.302937,0.008872,nan,0.182858,nan
0.761855,-0.237470,-0.087234,nan,nan,1.109777,1.185161,nan,-1.083732
1.175507,1.324206,-0.136526,2.319315,-0.880843,2.597891,-0.562950,0.768494,nan
0.192421,0.051501,-0.258975,3.350142,1.571166,3.695696,-1.276004,5.839050,0.495632
1.132052,1.981502,1.859994,nan,-3.066107,4.542833,0.458466,4.953680,1.937482
-2.344298,-1.139732,-0.007339,-5.669513,1.140637,-3.761979,-2.008152,-6.707495,-1.477947
1.590452,0.146972,-2.554116,2.588519,-1.360722,nan,1.324364,4.193474,-0.615967
0.375062,1.046390,1.061605,-0.744147,0.186195,-0.939184,-1.205483,nan,0.554244
1.077843,0.980482,1.420115,2.547366,nan,3.714606,1.361988,2.664551,-1.596192
-1.219876,-0.101127,-0.712893,-2.060704,-1.342172,-2.344460,-0.704607,-3.035604,0.865712
-0.830770,0.418036,1.343353,0.305930,2.053966,-0.174741,-0.379214,1.256147,-2.735506
0.145938,-0.383988,-1.736950,1.382487,-1.520191,0.172534,0.975714,1.803015,2.949796
-0.017038,-0.097596,0.396034,1.655577,2.106088,nan,-0.942023,2.973185,-1.527737
0.283069,0.021519,-0.072029,0.820853,0.034478,1.803899,1.913525,0.596825,1.430432
1.084515,-0.361265,-1.789352,2.141680,0.142558,1.833626,nan,2.116605,0.794483
-1.765220,-1.067123,-0.101064,-1.959332,-0.105026,nan,-1.266734,-2.598476,-1.400075
0.973819,1.422375,1.421174,nan,-0.173370,3.752936,nan,2.513804,0.682190
0.008282,0.170278,0.315681,-0.656555,0.940173,-0.759323,-0.274627,0.999654,-2.017177
-0.203782,-1.044134,-0.481759,nan,-0.191952,-2.097477,-0.079775,-1.122680,-1.117569
-1.471115,-1.824645,-1.224220,nan,-0.271155,-1.491390,0.135466,-1.233855,1.738731
0.503049,1.416868,0.051885,-0.135304,nan,0.818975,1.384152,-0.423071,-0.720586
-2.414108,-1.270277,0.053943,-2.543058,0.770280,-0.866204,-0.756169,-4.267337,nan
0.648394,-0.128990,0.577167,0.022220,2.403321,-0.413813,-0.818685,-0.748569,-0.895674
-1.492106,-0.937847,0.262144,-1.452291,-1.052833,-1.289480,0.987867,-2.039306,1.051790
0.053458,-1.007386,-1.815884,-0.594646,-1.098556,-2.285948,1.254548,nan,-0.605557
-0.119169,0.936582,0.027569,-1.211041,0.673796,-2.785972,0.170169,-2.594157,0.006001
1.169538,0.309632,-0.526140,2.194711,-0.901450,nan,1.428192,2.367228,0.851720
-0.178655,0.867853,-0.048608,-0.123220,0.511481,-0.717781,-2.002770,nan,1.147571
-0.694139,-0.310913,-0.018394,nan,0.291350,-1.785130,-0.501935,nan,-0.017418
-0.506603,0.747371,0.946586,0.719033,-0.444751,0.344036,nan,1.972514,-1.035955
1.272883,0.816128,-0.444089,2.448584,0.625112,0.047692,nan,4.087654,2.257767
0.536297,0.865411,0.920004,nan,0.506265,nan,-1.710378,0.553398,0.941199
-0.385630,0.310550,0.664681,1.322791,0.155674,1.090236,0.793730,2.594725,-1.619026
-0.236446,0.318081,0.051319,nan,-1.474026,-0.702152,1.313174,-2.261583,1.478341
-1.567177,-0.540034,-0.048135,-1.055710,0.258542,-0.192525,-0.027468,-0.646011,0.309818
0.388474,0.031242,-1.066450,1.334726,nan,-1.113434,1.102690,3.911985,nan
-1.759816,0.460896,0.730531,-1.990516,-0.944146,-0.562317,0.754315,-3.171638,0.059476
0.751796,-0.258958,-0.429013,nan,nan,nan,0.009185,-1.548171,nan
0.128622,0.067326,0.099648,0.751684,nan,0.710539,0.138351,0.540045,-0.119073
2.386952,1.203896,0.436470,3.864169,-2.163260,3.812942,nan,nan,0.910032
-1.100136,-0.268359,0.237474,-0.147399,1.619502,0.852415,-1.673999,0.151893,-1.603655
-0.102662,-0.351962,-0.382943,-0.390796,-0.008928,nan,1.711915,-1.106756,-1.341079
1.798288,1.119466,0.499184,nan,-2.713667,1.720015,nan,2.378833,1.731085
1.191390,0.477505,0.525603,1.477305,0.389732,1.653306,nan,nan,-2.354672
-0.696212,-1.455473,-1.003264,nan,-0.305452,-0.410337,1.678164,-2.184175,-0.969855
0.223967,0.118670,0.186543,nan,-0.060605,nan,nan,-0.294109,1.349526
0.001999,-0.769396,-0.709202,-0.684095,0.696753,nan,-0.050844,-1.117537,0.383436
0.281956,-1.073092,-1.266440,1.020337,1.932686,-0.267821,-0.183300,1.651177,-1.995310
-0.698680,-0.253529,0.268221,-0.409571,nan,0.751532,-0.629037,-0.121773,-0.136281
-0.089320,0.296858,-0.013330,-0.550617,-1.476563,-0.696960,0.826921,-2.382796,1.282450
-1.598052,-0.430338,0.328219,-0.681639,nan,0.686075,-1.605083,-2.387422,nan
0.135123,0.464581,0.345256,0.717204,nan,1.114664,0.401410,0.183409,2.059816
0.450021,-1.127802,-1.189215,-0.887285,-0.874380,nan,1.598462,0.277577,0.306593
-0.227419,-1.066422,-0.948983,-1.454275,nan,-2.581627,nan,-0.519462,-0.913040
-1.615051,0.573940,0.689606,-0.730934,nan,-0.518159,-1.948354,0.747049,-0.239197
0.988532,-0.238780,-1.310484,nan,-2.209263,nan,-0.609803,2.865136,nan
0.364525,0.609851,0.569971,1.761727,0.646964,nan,0.613478,nan,-0.168706
-0.726015,-0.843864,-0.341513,nan,0.428192,-3.184681,-0.118308,-1.925513,0.734867
-0.280600,-0.084529,0.441392,-1.201747,2.301334,nan,0.552435,-1.093048,-2.385354
-1.500669,-1.193613,-0.770418,-3.316167,nan,-2.501758,1.440166,-6.220679,-0.171957
-1.025410,-0.119626,1.159614,-0.014193,0.446057,-0.674950,nan,nan,-0.258701
-0.537811,-0.173164,-0.167056,-0.893848,1.204744,-1.122758,0.595070,nan,-1.450977
1.228421,0.300408,-0.565755,2.680976,-0.590341,2.900579,0.528087,3.377146,2.401065
-0.639503,-1.054872,-1.148889,-3.024191,-0.150351,-3.064394,-0.625505,nan,-0.067362
0.640214,0.507549,-0.652986,-1.120966,-0.564697,-0.032664,0.657763,-1.285174,1.750905
-0.538316,-1.118061,0.033360,-1.437109,nan,-1.283424,nan,nan,1.384228
0.247948,0.423211,0.949718,nan,0.596587,1.420145,nan,0.816206,nan
-0.141396,1.767842,1.757065,0.835098,-0.814560,2.472478,0.430824,2.406269,1.199261
0.873057,1.381647,0.395356,2.397193,-2.833725,2.991653,0.339988,2.612071,1.775958
-0.534811,0.235438,1.254428,nan,1.358234,nan,1.191910,0.056359,-2.163285
-1.572528,-0.846189,-0.381052,nan,0.166315,-3.028865,-0.842276,-2.557875,nan
-1.381949,-2.048101,-1.358409,-2.651226,2.196571,-2.177522,-3.648585,-5.390220,-1.756135
-0.531877,-1.191539,-0.075039,nan,1.629353,-0.617517,-0.912751,-2.291013,-1.376100
-1.249060,0.273425,0.922913,-3.017492,0.519767,-1.517041,-0.433072,-3.658801,-1.431141
0.410212,-0.347723,0.699309,nan,0.944486,0.337375,-0.728316,0.553549,0.522965
-0.465768,-0.722361,-0.313797,nan,nan,nan,nan,nan,-2.079778
2.374607,1.071348,-0.053819,1.736349,nan,1.359181,1.311853,2.227164,nan
-1.737715,-1.612290,-1.074420,nan,nan,-3.086275,-0.522053,-4.912498,-2.474961
0.203633,-0.756922,-1.590125,-0.075625,0.167673,0.050349,nan,-0.013297,-0.536964
-1.127953,-0.599308,-0.280359,-3.431421,2.086583,-2.749309,-0.729922,-4.093311,-2.362907
-0.493401,-0.870771,0.023700,0.416897,0.550903,0.349253,-0.216662,-0.218687,-0.398006
0.141419,-0.448003,-0.101411,nan,-0.019909,nan,0.861619,nan,-1.148678
-2.325371,-1.709519,-0.659850,-4.025468,nan,-2.478389,-1.216117,-6.457994,-0.802692
0.236826,0.484065,-0.181263,-0.191570,0.182817,1.755443,0.623460,nan,-0.879447
1.902907,0.788966,0.173737,nan,-1.430492,2.190122,nan,2.431648,nan
-0.453438,-0.351720,0.361063,-0.973640,1.380765,-1.462620,-1.294140,0.723135,-1.741103
0.259808,0.547766,0.575630,nan,0.261478,-0.101597,nan,0.889457,0.766282
1.024922,0.413033,0.106318,1.190107,-0.610153,0.446404,0.192409,nan,0.578760
-0.163954,-0.276754,-0.570696,-1.307657,-0.241678,-0.219639,1.071519,-2.304808,-1.809981
-0.580960,0.038835,0.638947,-0.257979,nan,-1.064267,-0.735029,-0.391268,nan
-2.275736,-0.670130,-1.419335,-5.234085,-0.625329,-5.436148,-3.200659,-4.666170,1.230702
0.640991,0.217544,0.173161,nan,0.554495,1.697166,nan,3.590813,0.583307
-0.113168,-0.000159,1.318985,nan,-1.053703,-2.131813,2.227542,-0.922132,nan
-1.012684,-1.053595,-1.293258,-2.282848,nan,-2.381918,-0.543439,-4.260659,-0.119842
0.126597,-0.539180,-0.590008,0.512648,-0.504368,0.088115,1.283608,-0.493927,0.668666
-0.583680,0.246563,0.368399,nan,1.053275,-4.157462,-2.413088,-4.944095,-1.158721
-0.528426,0.047246,-0.034966,-0.949626,-0.634587,0.719865,2.168627,-0.885182,nan
0.606291,0.621854,0.833783,nan,0.650419,-0.466308,nan,nan,-0.613116
-1.338382,-0.472593,0.259666,-2.318857,0.152558,-1.030402,-2.678371,-2.665894,-0.301275
1.047315,0.556000,0.206756,1.199113,-1.445827,nan,nan,1.734768,-0.901252
-1.397686,-0.211355,0.648858,nan,0.450648,-2.704065,-0.302279,-4.149181,-0.818037
-0.662701,0.323225,0.465766,-1.892278,-0.187347,-2.449098,-0.225444,-3.747936,-0.197601
1.922946,1.599333,2.292515,3.967758,0.930195,nan,nan,4.030418,0.312417
1.127355,0.493133,0.131973,1.159507,0.402817,1.134053,nan,1.258245,0.505874
0.097604,1.019697,0.884117,nan,0.600445,0.013505,-0.315630,-1.639817,-0.589151
-0.940530,-0.310343,-0.821349,-1.477014,1.056494,-1.814937,-0.807832,-1.446660,-2.367269
-0.529272,0.178027,0.029478,-0.343260,-0.013320,-1.332817,-0.566581,nan,1.128690
0.073275,0.234099,0.738986,0.064403,-1.039838,0.600227,0.935386,1.035879,nan
0.037523,0.191666,-0.525652,nan,nan,-1.468362,1.285655,-0.603255,-0.526038
-0.090871,-0.560462,-1.499887,0.694229,nan,0.702349,nan,nan,-0.290492
-0.030833,0.475529,0.405831,0.110035,1.113876,-0.353262,-1.507090,-0.124743,-2.498918
-0.214375,1.884519,2.257300,2.013058,-1.018218,0.522279,1.303375,2.557583,-0.697539
-1.441979,-0.983346,-0.332893,-2.790434,-0.418678,-3.481994,1.077014,-1.316310,-0.059514
-0.516511,-0.208559,-0.179956,0.025404,0.468506,0.560113,0.083995,nan,-0.671161
0.914624,0.144968,-1.087657,-0.242865,-1.564916,0.476693,nan,0.061825,0.891372
-1.368334,-1.025781,-0.183998,-2.957885,nan,-2.483650,0.257038,-3.003873,-2.815547
-0.189556,0.986337,1.176574,-0.270566,-0.508029,-0.586190,-0.083208,-0.221962,1.284595
-0.819754,-0.880957,-1.349705,0.065302,-0.389992,-0.250179,0.302233,0.452882,2.904139
0.111350,-0.276181,0.312916,-0.569165,0.466752,-1.420713,0.975264,-0.124444,-0.722780
-0.388633,-1.305562,-0.545012,-2.500769,0.696353,-2.925986,-0.750857,-2.389207,-0.512389
1.477394,0.208369,0.289635,1.756111,-0.694670,1.487175,nan,1.843231,nan
0.506583,-0.942588,-0.614283,-0.492155,-0.504539,nan,nan,-0.357151,0.302888
-1.311803,-0.213638,0.549472,-2.131947,nan,-1.356038,-1.230956,-3.271492,-1.542977
0.671228,2.295402,1.895314,1.130758,-1.067583,2.048224,-0.130233,1.671619,1.218952
-0.774652,-0.644001,0.151431,-2.467102,0.676424,-2.125876,1.171139,-1.796296,1.138120
-0.576996,-1.455229,-1.900463,-0.873438,-1.450027,-0.365623,0.843355,0.724994,-0.086539
0.313819,0.786909,-0.215148,-1.423506,nan,-1.536366,0.709391,nan,0.693613
-0.491747,-0.754721,-0.824257,-0.427536,0.513833,1.165353,-0.461747,-0.180602,0.053961
0.892856,1.355971,0.752010,2.953033,-0.078461,2.843695,nan,nan,1.626254
-0.774510,-0.584675,-0.041319,nan,2.452629,-0.351875,-0.917966,-1.042051,-1.446677
-0.618947,-0.751744,-0.253371,-2.988603,nan,0.405669,-0.374226,-5.126982,0.486383
-0.656371,-0.452756,0.393260,-2.717812,0.723343,0.176251,-0.020601,-1.548262,-0.143745
-0.565639,0.247624,0.942039,-0.883979,-0.626804,-1.536764,0.098343,-1.385609,-0.078736
1.099192,0.390401,-0.453629,nan,nan,2.502981,1.495045,0.996944,2.343354
0.628796,-0.033309,-0.095998,-0.670167,0.858211,1.607980,-1.080922,-0.281377,nan
1.709944,0.715790,-0.364267,4.001568,-2.390745,3.521928,3.214894,3.782231,0.603548
2.267644,0.243523,-0.579598,5.183784,-0.455686,nan,nan,nan,2.234258
-1.030717,-0.237436,0.280162,-2.322670,1.242486,-2.293367,-0.482652,-2.449322,-0.481794
0.070419,-1.215499,-2.697881,-0.876902,0.826715,-2.311472,0.848661,-3.021104,1.139639
-1.176200,-0.898985,0.839294,-0.441448,2.449762,nan,-1.972074,-0.281964,-1.654358
-0.777606,0.142767,0.630699,nan,1.440526,0.311576,1.811272,nan,0.008787
-0.630083,-0.102907,-0.191153,nan,0.688121,-1.566105,0.390947,-1.896707,-2.171200
-1.057155,-0.115353,1.188549,-1.478482,2.189316,-0.198976,nan,-3.449055,-1.198536
-1.051887,-0.571476,-0.315330,-3.893808,-0.337754,-4.132762,-2.086622,-6.759513,-0.371903
-0.144284,0.746680,0.706889,-0.885413,2.049637,-0.150079,nan,-0.726411,-0.328843
-1.216718,0.038930,0.152602,nan,-0.467930,-0.943203,-0.087198,-1.209407,0.648136
0.842127,0.733362,1.160048,nan,-0.403462,1.733759,0.815402,0.595950,1.743977
-0.917754,0.190405,0.375158,nan,1.495920,-0.170362,nan,0.209600,-2.271589
2.809569,1.930081,0.775936,5.794502,1.078266,nan,nan,nan,-0.552904
-0.451384,-0.533317,0.310653,-1.848503,nan,-2.749390,0.083895,-2.413633,-1.514415
0.072018,-0.904720,-0.452812,0.405162,1.440176,1.364120,-1.349235,3.528391,-0.929624
-1.295341,-0.353417,0.078695,-1.608674,-0.151647,-2.364453,nan,-2.147535,0.713290
1.706092,1.235308,1.031615,5.077556,-0.660878,4.611240,2.304008,5.686177,-0.597878
1.119501,1.323081,1.991856,2.493507,-0.699842,3.748481,-0.012939,5.608681,0.298944
0.296916,-0.506967,-0.335943,0.340870,-0.506449,0.040040,-0.194629,-0.303993,1.911184
-1.346803,-1.307903,-0.583902,nan,2.630552,nan,nan,nan,-1.085091
0.210667,0.427264,0.363924,2.455245,-1.493423,2.169170,1.352625,4.574462,nan
-1.121431,-0.610532,0.503218,-4.201001,1.942295,-2.157991,nan,-5.618607,-1.554789
1.462355,-0.588855,-1.209390,nan,0.840259,nan,nan,1.740251,nan
0.809195,0.667173,0.151821,1.912471,-0.696030,2.209861,-0.481000,3.385296,nan
0.095439,-1.248977,-1.796534,nan,0.052339,0.796785,nan,-0.092620,0.320354
-2.436376,-1.879867,-1.364915,-4.147914,-2.778240,-1.327365,-1.902335,-5.956871,1.599864
-0.983416,0.454469,0.399700,nan,0.083619,0.395439,-0.831800,0.085150,-0.711437
0.687761,1.621296,1.062740,3.466535,-1.661968,2.020989,1.214563,nan,1.942124
1.212884,-0.244518,0.325062,2.846035,-1.737370,nan,nan,nan,1.237049
1.109170,0.324011,0.194454,2.814790,nan,nan,0.855369,nan,0.519085
-1.592013,-0.766171,-0.591372,-0.328292,-0.581656,-1.212757,-0.008312,-0.201891,-0.169759
0.301552,1.397635,0.663652,nan,-1.003556,0.213866,nan,0.070485,1.996116
1.015515,0.162749,0.512919,1.391988,0.189156,nan,nan,nan,-0.943167
-1.658336,-1.162987,0.130417,-2.884998,1.938602,-3.956349,-1.687044,nan,-1.865870
-0.007905,1.080156,0.880571,-0.827734,-0.604170,0.197406,0.917210,-0.968738,1.110822
0.273842,-0.125431,-0.403761,nan,-0.528063,0.909071,nan,1.390380,1.411871
-0.300765,0.355159,0.936823,-0.696094,-0.072948,-0.575185,1.682455,-1.583211,0.544571
-1.852162,-1.960081,-1.509080,-3.653764,0.535956,-3.447085,-1.040056,-4.621084,-0.521341
-0.325698,-0.282712,0.067555,-0.229784,1.261500,-0.649417,-1.089940,nan,-0.492164
-0.327305,-1.325371,0.174225,-1.170446,2.328252,-1.672716,nan,-0.514904,-0.352508
-0.148072,-0.812840,-0.503172,-1.612551,nan,-0.728821,nan,nan,-0.398803
-0.563471,0.305705,0.025801,-0.374142,-0.328092,-0.466153,-0.105768,-0.157368,-2.083539
-0.443012,-0.256440,0.132936,nan,0.121666,-0.205705,0.151706,-1.957136,-1.142778
-0.039706,-0.243227,-0.417674,-0.153557,-1.247813,-1.280931,nan,nan,-0.150177
0.442455,-0.302897,-1.072112,0.093539,1.585936,0.464968,nan,0.720048,-0.868383
-0.304427,-0.306673,0.196508,-0.026557,-0.289866,nan,-0.551381,0.031486,-0.140507
-0.409649,0.005955,0.686576,-0.080747,1.158569,-0.200391,0.462746,-0.729866,-1.338992
0.092354,0.734218,0.404215,0.211293,nan,-0.563466,-0.050498,0.664156,-1.122185
-1.920916,-2.798061,-1.850792,nan,2.334137,-2.171550,-1.488739,-3.807670,-1.724318
0.477035,-0.343715,-0.898865,1.233795,-2.744888,1.749800,1.429628,nan,nan
-0.000563,0.111086,0.014070,0.705461,0.636721,1.518871,-0.446549,2.663405,-1.624875
0.039694,-0.049357,-0.332578,-1.414735,0.346972,nan,-0.085892,-1.896929,-2.119853
0.960734,0.762731,-0.183552,-0.747206,-3.544008,-0.211783,3.413933,nan,2.627501
-1.952816,-0.789130,0.900625,nan,1.790754,-2.741528,-1.597525,-4.010386,-1.534668
-1.973834,-1.200324,-0.134863,-5.823980,1.737563,-3.246694,-0.951213,-6.051838,-1.331886
0.273804,-0.231895,0.018540,0.597641,-0.948526,nan,0.691343,1.534230,-0.662497
-0.007117,-0.175409,0.303507,nan,nan,-0.114433,-1.370823,-2.470783,0.121049
0.170177,0.889208,1.045832,nan,-0.278578,nan,-0.080379,3.094719,-0.730914
-0.462127,-0.743469,-0.662692,-2.250430,-0.597453,-3.567425,1.114334,-2.718285,0.625596
0.664354,0.288212,0.167540,nan,-0.504509,-0.655658,0.549129,-0.453826,0.601794
0.932639,0.594659,0.061420,-0.325145,1.264944,-0.652336,-1.985025,-0.758535,-1.670104
0.483982,1.334237,1.141427,1.577172,0.187095,0.423987,nan,1.354714,-1.106373
-0.260828,-0.340630,-0.023410,-2.636117,0.583564,-4.168287,0.249562,-3.798989,0.479361
-2.107689,-0.382680,0.134833,-2.765330,1.372087,-1.344875,-1.184797,-2.852404,0.829147
0.769236,1.247004,0.102183,1.977412,nan,2.559010,1.754349,2.605659,-0.255444
1.221729,0.566236,0.159589,nan,-1.892169,2.084882,-0.356169,2.543900,1.942892
0.644558,0.174776,-0.155682,2.406148,-0.662575,1.452241,-1.112985,2.772129,0.077780
-0.879642,-0.670159,-1.217420,-0.190017,-0.113360,-1.155975,-1.635621,-0.671949,0.023485
0.673794,0.157821,0.177949,-0.104036,0.249101,-0.997029,1.337059,-0.410420,1.019388
0.860530,1.028233,1.047098,nan,-0.650852,1.110592,1.174161,1.802303,nan
1.558816,0.941115,1.549425,nan,-1.508153,5.274734,nan,nan,1.817737
-0.876110,-0.273352,-0.151448,-1.969269,0.555471,-1.877598,nan,-2.780995,1.596626
-0.226455,-0.900884,-0.922127,nan,-0.733171,-0.496630,0.380679,0.382273,-1.056912
0.747272,-0.303607,-1.021778,-0.390883,-1.259833,-0.198190,0.769807,nan,0.423108
0.057410,1.529118,1.310392,1.347347,0.328677,1.075171,nan,nan,0.054338
-1.117328,-0.683142,-0.110156,-1.996936,nan,-1.030462,-1.370610,-2.370161,-0.896872
0.414616,-0.335032,-0.798059,-0.651864,1.314344,-0.658997,-0.913140,-1.879694,-1.672727
0.578662,1.291100,0.771817,2.813473,-0.813137,2.975305,-0.108059,3.977234,0.135425
0.087963,0.241247,-0.822724,-0.921647,nan,-1.126854,-0.231170,0.260063,nan
0.219585,0.514501,0.808914,1.158930,-0.136107,-0.007539,nan,1.113282,nan
-0.258706,-0.225986,-0.488517,0.636024,nan,0.479747,nan,2.150740,-1.361574
1.478279,0.516068,-0.047957,2.434249,nan,2.491007,0.999662,3.578494,-0.140014
-0.900692,-0.569057,-0.898384,-1.721706,-0.234489,-2.611688,nan,-3.280032,-0.904569
-0.587321,-1.261577,-1.124242,nan,-0.020695,-2.075513,1.576316,0.656839,-1.306159
0.010986,-0.056056,-0.187936,nan,nan,1.291176,nan,2.237521,0.304390
0.878954,0.646700,0.248029,nan,0.333122,nan,-1.426126,2.596758,-1.563324
-1.497373,0.546638,1.126388,-2.632631,-0.081271,-2.099872,-1.491855,-3.131015,-0.527864
-1.310297,-0.594949,0.636667,-3.431166,0.721236,-2.927826,-1.490044,-4.921466,-0.568569
-2.037729,-2.652788,-1.144557,-5.087475,2.281786,-5.178179,-1.447512,-6.673645,nan
0.032695,-0.049442,0.431720,1.588934,nan,2.973637,0.203051,0.683881,-1.961195
-1.118306,1.358500,2.145344,-2.830535,nan,-4.133876,-1.037074,-4.613398,-0.363046
-0.384550,0.414181,0.731564,-1.092478,0.019880,-0.768489,0.828682,-3.385556,-1.469960
0.661378,-0.236933,-0.406314,-0.566786,0.250248,-0.723428,-1.597721,0.189148,1.401269
-0.641543,0.093003,0.771421,nan,3.052439,nan,-0.274949,-0.866970,-2.783721
0.231282,-0.403768,0.144105,nan,-0.408904,0.568425,nan,nan,0.937147
-0.299338,-1.097334,-0.463783,-1.110395,2.802601,-0.688331,-2.815770,-1.622318,-4.090291
0.672114,0.092199,-0.855189,0.598336,0.253561,-0.807875,0.854517,nan,-0.875321
0.475128,0.301633,-0.321962,0.906282,nan,nan,0.448401,2.124249,nan
-0.691934,-1.656476,-1.255028,-1.688317,-1.127454,-1.109071,0.002789,-2.179084,-0.429855
-0.168652,-0.888737,-0.270584,-2.318019,-0.081281,-2.280501,nan,-2.305436,1.831775
1.043743,0.529107,0.099489,1.931916,-0.660583,1.377189,-1.348203,nan,0.735784
0.393377,-0.089033,0.379195,-0.277431,1.389413,0.878924,-1.721332,-0.918116,nan
-1.396962,-0.422113,0.739016,-3.001834,0.723533,-1.786583,-2.893996,-3.599742,-0.629799
0.655618,-0.522459,-0.015067,0.096839,nan,-1.591791,0.086500,-0.844710,-1.763458
-1.084611,-0.042426,0.894213,nan,0.981295,-1.109647,-0.976929,-3.283284,nan
1.412513,-0.122375,-1.040151,0.163337,-1.184741,-0.607288,nan,-2.187671,-0.575497
1.024099,1.661963,1.263659,2.196541,-0.225552,1.661783,-0.591910,2.076227,0.760218
0.289885,-1.056088,-1.235601,0.327094,0.625901,-0.204933,nan,0.013867,0.170160
0.157233,-0.686172,-1.420640,-0.647952,-1.275502,1.366156,nan,-2.016384,nan
-0.209032,0.187643,0.069089,nan,nan,-0.403984,0.891746,-1.752523,0.043528
0.678524,1.504225,1.662191,2.084554,1.793243,3.883393,-1.291456,1.474792,-1.324806
-0.370778,0.035141,0.369717,nan,1.294462,0.966129,-2.321334,-0.031278,-0.966487
0.235570,0.511785,1.347662,0.469958,2.497966,0.645384,-3.005475,nan,-2.838831
0.871934,0.448243,0.185629,3.245638,-0.193352,3.699403,0.922017,nan,0.176499
-0.561807,-0.999382,0.592938,-1.693253,0.976239,-0.963641,nan,-0.875487,-0.836878
-0.616193,-0.651193,-0.247336,nan,nan,-1.002444,0.071543,-0.397777,-0.967625
-1.194365,-1.445520,-0.786866,nan,0.263053,-3.121374,-0.898128,-4.152345,-0.301034
-1.064473,-1.427333,-1.462220,-1.545229,2.870324,-0.567038,-2.661390,-2.216532,-1.565101
-1.828395,-0.632973,0.597421,-2.616403,-0.167882,-0.742197,-2.200683,nan,0.264862
0.729829,-0.421310,-0.807059,1.789033,-1.517514,1.070289,2.055908,nan,2.602576
1.808915,1.128145,0.036318,3.421466,-2.855154,-1.177950,3.806903,4.872171,nan
1.425329,-0.198611,0.054127,2.943816,nan,2.919213,-1.111969,1.603874,-1.224763
-1.626084,-0.605574,0.582477,nan,1.055809,-2.419428,-1.710043,-1.687310,-1.779519
0.724855,0.020350,0.364849,0.888174,0.070192,-0.015333,0.815394,0.472555,-0.746295
1.422106,1.695684,0.748820,2.537570,-0.743094,1.556478,-0.365523,1.797815,0.831636
-0.456810,-0.001802,0.110114,-2.612692,0.131292,-1.719096,0.320374,-3.692634,-0.327845
0.101447,0.915772,0.672256,1.736757,nan,2.717634,2.465085,nan,0.247810
-2.007893,-1.532899,-0.232692,-3.505888,1.120327,nan,-1.315031,nan,-0.651405
0.266736,0.172668,0.834896,-0.424839,nan,2.128777,-0.897108,nan,-2.940561
-1.063560,-1.218541,-0.471692,nan,0.098401,-0.489790,nan,-2.908736,1.634034
0.199635,-0.189706,0.775790,1.937954,1.600036,2.348915,-0.440772,nan,-1.535191
-1.561203,-0.964074,0.145699,-2.235282,nan,-2.525861,-1.203247,-2.099370,0.540481
0.542858,-0.236672,-0.469594,1.414976,0.595364,nan,0.075991,nan,-0.100944
1.024513,-0.338596,-0.163875,2.463197,0.359437,1.932202,0.338639,2.645282,-1.242493
-0.783180,-1.381052,-0.016918,-1.417015,0.980276,1.198003,-1.875642,-2.828857,nan
-1.136923,-2.206285,-0.424807,-1.691770,nan,nan,-1.544007,-0.976478,-1.272383
-2.156023,-1.817454,-0.213711,-4.714123,1.887724,-3.524468,-0.030207,-6.437386,-2.918003
-0.266414,0.306039,0.337592,nan,0.301615,0.471972,-0.806197,-0.258002,-1.398894
-0.581594,-1.409746,-1.061665,-3.099226,1.646556,-4.195482,-0.895403,-5.110606,-1.180294
-1.551019,-1.733196,-0.633216,-3.512789,-0.448628,-1.867356,-0.525238,-3.948761,0.597314
0.453019,1.480138,1.885192,1.233357,0.014893,1.345404,1.383466,1.358460,-0.530466
-0.449970,-0.670532,-0.184550,-1.451163,nan,-1.606645,-0.726353,nan,-1.169412
-1.075736,-0.313136,0.299478,-2.054239,0.618752,-1.319947,-1.923882,-1.241038,1.165802
-0.554572,0.172336,0.329939,nan,nan,-1.138538,nan,-1.399253,1.006424
1.071305,0.999421,0.314200,2.044990,-1.747221,2.591862,nan,4.159584,1.703043
0.602937,-0.764151,-0.873270,1.534938,0.538467,-0.138551,nan,2.720228,-0.369100
-0.130026,-0.226755,-0.074683,nan,0.383664,-0.992935,-0.107361,-0.077405,0.327919
0.619105,-0.823207,0.014753,0.426485,1.835425,0.065188,0.258906,0.967034,nan
-1.160912,1.131967,1.133990,-0.439129,nan,0.075941,1.754116,-2.093231,1.477188
0.032370,-1.100228,-0.863587,-0.719304,nan,-2.356958,-0.129467,nan,-1.603541
0.147322,-0.659827,-1.004747,nan,nan,0.640880,2.129295,1.089194,0.363552
-0.469837,-0.963339,-0.271405,-0.755616,1.395254,-0.288928,0.569390,-0.712384,-0.558405
0.435458,-0.829933,-0.111244,0.142369,1.974928,-1.334349,nan,1.773471,-3.024624
-0.780433,0.556599,1.491658,nan,1.585191,-0.925743,-2.253384,-1.464440,-1.672367
0.509821,1.950624,1.509235,-0.417851,-1.002136,-1.149591,2.576352,nan,nan
0.551859,-0.057095,0.075944,1.354728,-0.191714,-0.999602,1.149943,2.176691,nan
-2.917160,-2.382876,-1.107928,nan,1.906722,-6.880720,-1.235098,-7.548677,-0.769012
1.190306,-0.970695,-0.869638,2.022518,0.505190,0.088208,0.295176,1.451846,1.329381
-3.047633,-1.694692,-0.284482,-3.423798,2.591365,-2.692979,-3.047830,-4.874483,nan
-0.616049,-0.529480,-0.209637,-0.412833,-2.132933,1.145028,0.630681,-2.621018,nan
1.025348,0.056767,-0.193314,1.345037,nan,1.766872,-1.183206,0.129399,-0.859489
-0.317287,-0.003681,0.318203,0.499780,nan,1.728770,-1.053114,1.119143,-1.129439
-1.466186,-0.456472,-0.072398,-0.845818,1.200162,0.084854,-2.203893,-1.014173,nan
-1.093737,-0.320710,-0.049695,-1.834604,nan,-2.654752,-0.318688,-1.997986,-0.666057
1.026906,0.292165,0.779342,nan,nan,1.713073,-0.627916,2.663878,-1.743204
-1.921505,-1.731888,0.546215,-3.487825,1.037702,-2.696316,-2.020608,-4.305219,-1.994545
1.128991,1.030579,-0.116418,nan,-1.064426,2.390520,-0.277214,3.597914,1.974729
-0.055102,-0.018791,-0.628238,-1.154994,0.128419,-1.739705,-2.681347,-1.987201,1.918872
-1.192395,0.025653,-0.100336,-2.018987,1.185702,-2.750189,-1.080423,-1.695403,-1.407454
-0.583115,0.261495,0.332487,-1.530543,-0.164045,-2.970162,-1.249163,-1.571967,-0.684924
-1.017224,-1.503846,-0.450019,-2.572797,0.815624,-1.964444,0.143586,-1.772661,-0.413539
0.866225,-0.570843,-0.420915,0.329977,-0.125724,nan,nan,-0.020443,nan
0.732428,-0.162665,-0.263844,1.766669,0.032041,3.014774,1.059326,3.364865,0.292597
-1.719161,-1.598966,-0.498957,-4.445212,0.225605,-4.474810,0.480618,-4.940729,-0.668830
-0.403592,0.326880,0.036539,-1.159183,0.172080,nan,0.086738,-1.559323,-0.133875
-0.863186,-0.185676,-0.011647,nan,0.927142,-1.954048,-0.630830,-1.053185,-2.144214
1.293510,1.416184,0.734847,2.295740,0.442358,nan,-0.269464,2.234228,0.545851
-1.350099,-0.397509,-0.705085,-2.845036,1.409780,-1.699432,-1.825725,-4.458962,-0.194513
1.604229,0.948169,-0.303388,nan,-2.423831,3.392816,nan,5.227618,0.565215
-0.033295,0.823163,0.107736,0.062336,0.124244,nan,0.621723,-0.495581,-0.260925
-1.161934,-0.252158,0.528908,-0.456553,-0.258180,-0.262359,1.749653,-0.229856,-1.029911
-0.677274,-0.290966,0.093087,-2.197259,nan,-2.324790,0.807413,-1.141681,0.475088
-0.801619,0.635508,1.054422,-3.776142,0.869440,-2.123377,-0.158720,-4.985585,nan
-1.274618,-0.556683,-0.982788,nan,-0.399253,-2.898806,-1.508364,-3.605166,0.063633
0.094827,-0.165625,-0.902731,nan,0.920582,0.641928,-0.309987,1.356217,0.796361
-1.227916,-1.200434,-0.260365,-0.929909,0.683372,nan,-0.257891,nan,1.467765
-2.180366,-0.598065,-1.213677,nan,nan,-3.827032,-0.914041,-5.742461,-1.569293
-0.379676,0.676097,1.267095,-0.058523,0.872482,-0.903750,-0.815028,-0.053879,0.125258
-1.802856,-0.936839,-1.120273,nan,1.493538,-5.326674,nan,-4.735724,-1.668261
-0.752161,0.539461,1.078889,-0.476223,0.573616,0.422804,-1.894757,nan,0.164678
-0.909103,-1.833562,-1.638411,-1.304853,0.714783,nan,-0.662343,nan,0.224204
-0.871216,-0.474425,0.406276,nan,-0.127195,1.120680,-1.243840,0.173280,0.411249
2.000963,0.972415,1.781724,2.710870,-0.000436,4.878745,0.783513,nan,-0.827440
0.056412,-0.480690,-1.538065,0.145474,-1.001940,0.236604,0.688408,-0.874639,nan
0.245371,1.791388,1.707188,nan,nan,2.978547,1.428992,nan,1.000206
-1.776398,-0.934534,-1.118789,-2.250423,-0.286472,-3.088478,nan,nan,-1.939986
-0.653963,-0.612393,-0.080341,nan,-0.274163,-1.076623,0.737157,-2.302676,-0.365495
0.215303,0.125825,-0.067317,-0.906991,-0.218757,-0.370723,nan,-1.627212,-0.005859
-1.024529,-1.914234,-1.159137,nan,0.710899,nan,nan,nan,-0.505078
0.908063,-0.077876,-0.790563,2.158756,1.574419,3.353739,-0.313093,0.923657,-0.968982
-1.202697,0.086920,0.820615,nan,-0.513691,-0.726324,-0.048049,-2.642310,1.446903
-0.286366,-0.583445,-1.105025,nan,-1.666540,-1.861760,0.099778,-0.727390,0.384036
-0.586052,-0.873238,0.098043,-2.175422,-0.603374,-3.392337,nan,-2.550720,0.202979
0.164321,0.998828,0.545141,1.432753,nan,3.768390,-0.022229,nan,-1.364485
-0.640490,0.617933,-0.014852,-0.752745,0.078428,0.003994,0.756586,-2.332460,0.072810
-0.270894,0.226447,1.059894,-1.513904,nan,-0.560105,-0.574772,nan,-0.483857
-0.236130,-0.436647,-0.312150,nan,0.560652,-1.789777,0.359562,-2.909434,0.703994
-0.734388,-0.534824,0.746275,nan,nan,nan,-1.147500,-0.844771,-3.241651
0.485094,-0.320358,0.208863,0.972892,2.064017,0.963917,nan,nan,-0.776718
0.238388,-0.577147,-0.932307,-0.414482,1.506145,-0.365948,-1.182291,-2.061747,0.581357
-0.088614,-0.775399,-0.636230,-0.030692,nan,nan,nan,1.117038,-0.743832
-0.430458,-0.647867,-0.328637,-1.296280,0.786202,nan,0.036808,-2.099504,-0.290193
0.796544,-0.326033,0.263362,-0.165607,2.116152,0.118711,-1.332677,-1.068433,-1.314571
-0.235834,-1.212511,-0.680499,-0.059383,0.211990,nan,-2.426655,-0.196586,-0.635249
-0.306697,0.000233,0.180342,-0.744407,0.611173,-1.428227,-0.178806,-2.195124,-0.611329
0.104690,0.216562,0.041903,-0.185796,-2.139492,-1.699380,-0.058274,0.197989,0.440666
1.696587,2.038848,1.096824,nan,nan,5.714375,2.141191,6.790726,2.782658
-1.340356,-1.138015,0.143991,-1.363131,0.931396,0.258351,0.346072,-1.078693,-0.220611
0.769857,0.592199,0.244655,1.778208,0.572886,nan,-0.273179,nan,nan
-1.893171,-0.727687,-0.211697,-4.590770,nan,-3.787748,1.411348,-5.626211,0.476302
0.217273,-0.069050,-0.402675,nan,nan,0.343099,-2.456942,nan,-0.993225
1.575083,1.308575,0.297453,nan,-0.556327,1.353120,1.750240,2.646303,-1.933560
0.488669,0.786995,-0.218053,nan,-1.880538,-0.414675,1.260051,1.266708,nan
0.170625,0.314500,-0.174775,-1.430847,-0.496018,-0.958180,-0.073792,-2.243667,2.398541
-0.560449,-0.459173,0.550007,0.729545,2.169856,nan,-2.418828,0.386786,nan
0.031047,-0.234747,-0.300412,-1.401012,1.828584,-1.445954,-0.702698,-2.579767,-1.518416
-0.252063,-1.083459,-0.438943,0.503762,1.312403,-0.468230,-1.422081,nan,-1.523864
-0.785977,-0.957131,-1.769290,-1.532293,0.418875,-2.677416,1.019089,-2.284376,0.193984
-0.289876,-0.580343,-0.093156,nan,-1.443636,-1.326468,0.137364,-3.579237,0.775442
0.198381,-0.687590,-0.690262,0.550434,0.095175,-0.814219,0.251485,-1.070650,0.914667
-0.767217,-0.075662,-0.071084,-2.020272,-0.588266,-0.460589,0.712361,-3.092983,0.259212
-0.806282,0.434499,0.679963,-1.864222,0.344844,-0.809617,-0.599213,-2.026538,-0.574168
-1.360243,-1.315765,-0.892452,nan,1.468453,-0.402087,nan,-3.050116,-3.089743
0.390725,0.393772,-0.864138,0.416673,-2.179553,0.593356,1.274518,-0.740837,0.694220
0.545323,-0.451216,-0.063446,-0.360119,1.335233,0.344897,nan,-0.109931,-0.441660
0.231660,-0.097615,-0.026082,0.363063,-0.942564,0.551455,-0.268648,0.199849,2.459044
0.965170,-0.000645,-0.447039,1.943688,-2.359127,1.700238,nan,3.208067,1.165456
0.087868,0.465261,-0.137244,1.372026,0.338478,nan,-0.023657,1.076272,nan
0.392011,-0.279146,-1.075849,-0.461352,0.993283,-0.723473,0.023812,0.906978,0.032712
0.303837,0.860081,0.708860,0.607401,1.061485,2.519051,1.281017,0.321541,-0.106889
-0.091540,-0.217775,0.659963,-1.574068,0.195837,-0.583466,-0.543107,-2.019417,0.551514
-0.530822,-0.720134,-0.315277,0.081699,0.985400,0.279281,nan,-1.376555,-0.551971
2.214153,0.229763,-1.171816,4.654990,-2.578510,nan,0.983415,nan,1.871361
